air_store_id,Model_No.,Selected_Model,Training_R2,Testing_R2,RMSLE
air_a21ffca0bea1661a,model_5,"Regression with ARIMA(0,0,0) errors",0.871697301,0.965468566,0.07395731
air_a9a380530c1e121f,model_5,"Regression with ARIMA(0,0,0) errors",0.974152876,0.997942508,0.076683817
air_d63cfa6d6ab78446,model_5,"Regression with ARIMA(0,0,0)(1,0,0)[7] errors",0.965079897,0.982447527,0.121495148
air_2703dcb33192b181,model_3,l_train ~ closed_days + mon_thurs + friday + saturday,0.983829429,0.994466301,0.126791963
air_105a7954e32dba9b,model_3,l_train ~ closed_days + mon_thurs + friday + saturday,0.994805057,0.995785113,0.14206339
air_694571ea13fb9e0e,model_2,"STL +  ETS(A,N,N)",NA for STL,0.991422787,0.150461993
air_6d65542aa43b598b,model_5,"Regression with ARIMA(2,0,1)(1,0,0)[7] errors",0.954471575,0.983245827,0.161909734
air_55390f784018349a,model_5,"Regression with ARIMA(0,1,2) errors",0.984553495,0.985346212,0.162163996
air_efef1e3daecce07e,model_5,"Regression with ARIMA(1,1,1)(1,0,1)[7] errors",0.97376086,0.982727652,0.16557409
air_ca1315af9e073bd1,model_3,l_train ~ closed_days + mon_thurs + friday + saturday,0.964605622,0.14328292,0.172301759
air_9cf2f1ba86229773,model_3,l_train ~ closed_days + mon_thurs + friday + saturday,0.920851765,0.991405421,0.176713665
air_258dc112912fc458,model_3,l_train ~ closed_days + mon_thurs + friday + saturday,0.983485661,0.988998846,0.177193794
air_efd70b04de878f25,model_5,"Regression with ARIMA(2,1,1) errors",0.932943113,0.906201109,0.180727077
air_8ce035ee1d8a56a6,model_5,"Regression with ARIMA(0,0,0)(1,0,1)[7] errors",0.904573405,0.97375952,0.18129371
air_82a6ae14151953ba,model_3,l_train ~ closed_days + mon_thurs + friday + saturday,0.955421418,0.980953011,0.187772818
air_8093d0b565e9dbdf,model_5,"Regression with ARIMA(0,1,1)(1,0,0)[7] errors",0.716700792,0.79395415,0.191238367
air_47beaffd3806c979,model_3,l_train ~ closed_days + mon_thurs + friday + saturday,0.959312746,0.982236977,0.193675198
air_2570ccb93badde68,model_5,"Regression with ARIMA(0,0,1)(0,0,1)[7] errors",0.963836427,0.971649937,0.195217668
air_32460819c7600037,model_5,"Regression with ARIMA(1,1,1)(1,0,1)[7] errors",0.949750018,0.97873795,0.195307556
air_4d71826793c09b22,model_3,l_train ~ closed_days + mon_thurs + friday + saturday,0.715575071,0.186710595,0.195486881
air_7bda6048a4a78837,model_1,"ETS(A,N,N)",0.077742277,NA,0.196402399
air_e0aee25b56a069f2,model_3,l_train ~ closed_days + mon_thurs + friday + saturday,0.927328723,0.968874373,0.19653722
air_e57dd6884595f60d,model_3,l_train ~ closed_days + mon_thurs + friday + saturday,0.954650729,0.975132953,0.197268556
air_73f316e6a18d8aa9,model_5,"Regression with ARIMA(0,1,1) errors",0.942411285,0.984948,0.198068674
air_42c9aa6d617c5057,model_3,l_train ~ log_reserves + closed_days + mon_thurs + friday + saturday,0.976125286,0.979432794,0.200564091
air_ebd31e812960f517,model_5,"Regression with ARIMA(0,1,1)(1,0,0)[7] errors",0.938070025,0.977534082,0.208482255
air_e55abd740f93ecc4,model_5,"Regression with ARIMA(1,0,1)(0,0,1)[7] errors",0.929612327,0.970704275,0.209807288
air_d98380a4aeb0290b,model_3,l_train ~ closed_days + mon_thurs + friday + saturday,0.928009217,0.084326903,0.210024195
air_764f71040a413d4d,model_5,"Regression with ARIMA(0,1,1) errors",0.988783837,0.989097443,0.213212678
air_c28983412a7eefcf,model_3,l_train ~ closed_days + mon_thurs + friday + saturday,0.958572675,0.982012173,0.21338338
air_a239a44805932bab,model_4,"ARIMA(1,0,0)(2,1,0)[7]",0.714940964,0.972558419,0.214425929
air_9152d9926e5c4a3a,model_5,"Regression with ARIMA(0,1,1) errors",0.96868514,0.978760887,0.214433505
air_bac5f4441db21db9,model_3,l_train ~ closed_days + mon_thurs + friday + saturday,0.973019126,0.971266337,0.214849697
air_f6b2489ccf873c3b,model_4,"ARIMA(0,0,1) with non-zero mean",0.052803514,0.015239136,0.217259442
air_8a59bb0c497b771e,model_5,"Regression with ARIMA(0,0,0) errors",0.983960715,0.977697754,0.217447028
air_d34c0861a2be94cb,model_1,"ETS(A,N,A)",0.902685651,0.974395508,0.21966914
air_ac7a7427c9ae12a5,model_5,"Regression with ARIMA(0,1,1) errors",0.980186259,0.988910204,0.220883763
air_670a0c1c4108bcea,model_5,"Regression with ARIMA(0,1,1) errors",0.901539298,0.953372467,0.221364834
air_9bf0ccac497c4af3,model_4,"ARIMA(1,0,0)(2,1,0)[7] with drift",0.743060146,0.976513893,0.221656749
air_20619d21192aa571,model_3,l_train ~ closed_days + mon_thurs + friday + saturday,0.879187096,0.964191683,0.222348784
air_f26f36ec4dc5adb0,model_3,l_train ~ closed_days + mon_thurs + friday + saturday,0.822871946,0.511785314,0.227175821
air_bf21b8350771879b,model_5,"Regression with ARIMA(0,1,1) errors",0.966906415,0.975470488,0.227893984
air_dea0655f96947922,model_3,l_train ~ log_reserves + closed_days + mon_thurs + friday + saturday,0.696800712,0.549854627,0.227972739
air_99b01136f451fc0e,model_3,l_train ~ closed_days + mon_thurs + friday + saturday,0.975026126,0.974935816,0.22947703
air_9d5a980b211e1795,model_5,"Regression with ARIMA(2,1,1) errors",0.868980883,0.927235111,0.230677552
air_fe58c074ec1445ea,model_5,"Regression with ARIMA(1,0,0) errors",0.941898494,0.983431127,0.230878114
air_c88467d88b2c8ecd,model_3,l_train ~ log_reserves + closed_days + mon_thurs + friday + saturday,0.942320214,0.958611372,0.23161221
air_bbe1c1a47e09f161,model_5,"Regression with ARIMA(0,1,1)(2,0,0)[7] errors",0.656095884,0.775855289,0.233104818
air_d5e0a20370c325c7,model_5,"Regression with ARIMA(0,1,1)(2,0,2)[7] errors",0.955649638,0.971866157,0.234398332
air_07b314d83059c4d2,model_5,"Regression with ARIMA(0,1,1) errors",0.660466647,0.488141946,0.236712035
air_eb120e6d384a17a8,model_3,l_train ~ closed_days + mon_thurs + friday + saturday,0.962881758,0.962034767,0.236930169
air_c7f78b4f3cba33ff,model_3,l_train ~ log_reserves + closed_days + mon_thurs + friday + saturday,0.890704384,0.973956593,0.237169674
air_64a5d5c1381837af,model_2,"STL +  ETS(A,N,N)",NA for STL,0.567536516,0.237570788
air_c66dbd2c37832d00,model_5,"Regression with ARIMA(0,0,0)(2,0,0)[7] errors",0.936508633,0.973958868,0.237601241
air_4e1c38f68f435596,model_5,"Regression with ARIMA(0,0,0) errors",0.979898842,0.966943959,0.238149583
air_6902e4ec305b3d08,model_3,l_train ~ closed_days + mon_thurs + friday + saturday,0.656143582,0.141184882,0.239078661
air_7fbf7649eb13ad9b,model_5,"Regression with ARIMA(0,0,0)(1,0,0)[7] errors",0.989031344,0.975371271,0.23921324
air_349278fa964bb12f,model_5,"Regression with ARIMA(0,1,1)(1,0,0)[7] errors",0.629304322,0.108324487,0.241374385
air_848616680ef061bd,model_1,"ETS(A,N,A)",0.251725717,0.383645932,0.242088152
air_2d3afcb91762fe01,model_5,"Regression with ARIMA(1,1,1)(2,0,0)[7] errors",0.958188786,0.980016934,0.244334961
air_c0385db498b391e5,model_5,"Regression with ARIMA(0,0,0) errors",0.721603432,0.961264,0.244633278
air_d00a15343325e5f7,model_3,l_train ~ closed_days + mon_thurs + friday + saturday,0.905645979,0.952101656,0.245050856
air_67483104fa38ef6c,model_3,l_train ~ closed_days + mon_thurs + friday + saturday,0.969823215,0.970274408,0.246220991
air_e2208a79e2678432,model_5,"Regression with ARIMA(0,0,0) errors",0.975504363,0.980020092,0.246566043
air_26f10355d9b4d82a,model_5,"Regression with ARIMA(0,0,0)(2,0,0)[7] errors",0.93232728,0.957366931,0.247680655
air_9aa92007e3628dbc,model_5,"Regression with ARIMA(1,1,1) errors",0.961944903,0.963098877,0.24928805
air_6e06824d0934dd81,model_3,l_train ~ closed_days + mon_thurs + friday + saturday,0.961980545,0.973153667,0.250594262
air_573ecdf81b157d22,model_5,"Regression with ARIMA(1,1,1) errors",0.967403906,0.95665351,0.250972267
air_c1d5d165c055b866,model_5,"Regression with ARIMA(1,0,1) errors",0.891941958,0.958065456,0.25104826
air_3525f11ef0bf0c35,model_3,l_train ~ closed_days + mon_thurs + friday + saturday,0.878290218,0.970393434,0.253079997
air_5f6fa1b897fe80d5,model_3,l_train ~ log_reserves + closed_days + mon_thurs + friday + saturday,0.96669275,0.968813962,0.254240743
air_27e991812b0d9c92,model_5,"Regression with ARIMA(1,1,1) errors",0.940753904,0.981132575,0.255192726
air_2a3743e37aab04b4,model_5,"Regression with ARIMA(0,1,1) errors",0.858264319,0.944233658,0.256671876
air_df9355c47c5df9d3,model_3,l_train ~ log_reserves + closed_days + mon_thurs + friday + saturday,0.883773366,0.953665359,0.256734993
air_877f79706adbfb06,model_5,"Regression with ARIMA(1,0,1)(1,0,0)[7] errors",0.888687428,0.935047809,0.257070254
air_310e467e6e625004,model_5,"Regression with ARIMA(0,1,1) errors",0.932951188,0.950221353,0.257949309
air_9b6af3db40da4ae2,model_5,"Regression with ARIMA(0,1,2) errors",0.515423757,0.701922565,0.261491193
air_c52c63c781fe48f6,model_5,"Regression with ARIMA(0,0,0)(0,0,1)[7] errors",0.966619495,0.951803233,0.261558443
air_8d61f49aa0373492,model_3,l_train ~ closed_days + mon_thurs + friday + saturday,0.943780311,0.537690597,0.261838152
air_f911308e19d64236,model_5,"Regression with ARIMA(0,1,1)(1,0,0)[7] errors",0.927642963,0.956933828,0.262589233
air_89e7328af22efe74,model_5,"Regression with ARIMA(0,1,1) errors",0.960502123,0.975846594,0.265633684
air_e0f241bd406810c0,model_3,l_train ~ closed_days + mon_thurs + friday + saturday,0.918256056,0.9697638,0.266062801
air_c8a657c8c5c93d69,model_3,l_train ~ log_reserves + closed_days + mon_thurs + friday + saturday,0.846982516,0.939999803,0.266083189
air_671b4bea84dafb67,model_5,"Regression with ARIMA(0,1,1) errors",0.797644821,0.808035839,0.267161352
air_275732a5db46f4d3,model_3,l_train ~ closed_days + mon_thurs + friday + saturday,0.936592421,0.953473721,0.267419076
air_ca957d3a1529fbd3,model_3,l_train ~ closed_days + mon_thurs + friday + saturday,0.942483645,0.959632579,0.26778202
air_cd4b301d5d3918d8,model_3,l_train ~ closed_days + mon_thurs + friday + saturday,0.952055441,0.920923195,0.267958583
air_8f3b563416efc6ad,model_4,"ARIMA(0,0,1) with non-zero mean",0.114419271,0.098130699,0.269132792
air_6108821ffafa9b72,model_3,l_train ~ closed_days + mon_thurs + friday + saturday,0.926199624,0.954854619,0.269942266
air_5fbda8e9302f7c13,model_5,"Regression with ARIMA(0,1,1) errors",0.925566838,0.953998321,0.272027891
air_b711b43ae472cb6b,model_5,"Regression with ARIMA(0,1,1) errors",0.924872668,0.954172746,0.272566533
air_b259b4e4a51a690d,model_3,l_train ~ closed_days + mon_thurs + friday + saturday,0.899855914,0.950030565,0.273363653
air_4cab91146e3d1897,model_5,"Regression with ARIMA(0,0,0) errors",0.935032323,0.927152795,0.273522872
air_9aa32b3db0fab3a5,model_5,"Regression with ARIMA(0,1,1) errors",0.856686382,0.923375914,0.274134375
air_b7fa3d2fca744dd2,model_5,"Regression with ARIMA(1,0,0) errors",0.934897444,0.951541533,0.277721495
air_bc9a129e11a2efe0,model_5,"Regression with ARIMA(0,0,0) errors",0.344167317,0.235664208,0.277808157
air_064e203265ee5753,model_3,l_train ~ closed_days + mon_thurs + friday + saturday,0.933579823,0.958396248,0.278163572
air_c77ee2b7d36da265,model_5,"Regression with ARIMA(0,0,0)(2,0,0)[7] errors",0.934840714,0.959315912,0.279137305
air_d8abb9e490abf94f,model_5,"Regression with ARIMA(0,0,0)(0,0,1)[7] errors",0.60680962,0.084303095,0.279388036
air_ad60f6b76c9df7ed,model_3,l_train ~ closed_days + mon_thurs + friday + saturday,0.951566357,0.964018903,0.280538702
air_965b2e0cf4119003,model_5,"Regression with ARIMA(1,1,1) errors",0.979468352,0.831181571,0.284051974
air_fee8dcf4d619598e,model_1,"ETS(A,N,A)",0.090992614,0.346015641,0.284225634
air_a33461f4392ec62c,model_2,"STL +  ETS(A,N,N)",NA for STL,0.954359405,0.284284352
air_e34c631c766f2766,model_1,"ETS(A,N,A)",0.386821014,0.286881994,0.285144523
air_57c9eea1a2b66e65,model_5,"Regression with ARIMA(2,1,1) errors",0.927786725,0.921370491,0.285675409
air_06f95ac5c33aca10,model_4,"ARIMA(1,0,0)(1,1,0)[7] with drift",0.640685088,0.948231535,0.287518299
air_ef920fa6f4b085f6,model_4,"ARIMA(0,0,2)(1,1,0)[7]",0.714532597,0.948623847,0.289051815
air_bf617aa68d5f1cfa,model_3,l_train ~ log_reserves + closed_days + mon_thurs + friday + saturday,0.823565661,0.89719673,0.289880632
air_8cc350fd70ee0757,model_1,"ETS(A,N,A)",0.258863149,0.356164986,0.290217507
air_5b704df317ed1962,model_5,"Regression with ARIMA(0,1,1) errors",0.648970951,0.77554939,0.290626296
air_d500b48a8735fbd3,model_5,"Regression with ARIMA(0,1,1) errors",0.944749237,0.964578963,0.291464041
air_fa12b40b02fecfd8,model_5,"Regression with ARIMA(0,1,1)(1,0,0)[7] errors",0.870909889,0.691584696,0.293103756
air_4de6d887a7b1c1fc,model_3,l_train ~ closed_days + mon_thurs + friday + saturday,0.85984152,0.936130595,0.294382085
air_464a62de0d57be1e,model_3,l_train ~ closed_days + mon_thurs + friday + saturday,0.584063711,0.251577515,0.294553856
air_97159fc4e90053fe,model_3,l_train ~ log_reserves + closed_days + mon_thurs + friday + saturday,0.842479913,0.935438994,0.294587052
air_2545dd3a00f265e2,model_2,"STL +  ETS(A,N,N)",NA for STL,0.964706839,0.29512829
air_2195cd5025a98033,model_3,l_train ~ closed_days + mon_thurs + friday + saturday,0.932617739,0.903321004,0.29513728
air_eb2d2653586315dd,model_5,"Regression with ARIMA(1,0,1) errors",0.897820669,0.948203779,0.295160864
air_43b65e4b05bff2d3,model_3,l_train ~ log_reserves + mon_thurs + friday + saturday,0.30631926,0.304156621,0.29532858
air_8e4360a64dbd4c50,model_5,"Regression with ARIMA(0,1,1) errors",0.651799475,0.365192058,0.295592814
air_3d3a2b509180e798,model_3,l_train ~ closed_days + mon_thurs + friday + saturday,0.832528736,0.931518928,0.297301346
air_7e12c5d27f44a8de,model_4,"ARIMA(1,0,0)(0,1,1)[7]",0.559302885,0.635203777,0.297527053
air_90ed0a2f24755533,model_3,l_train ~ closed_days + mon_thurs + friday + saturday,0.937038445,0.953102699,0.297561048
air_9483d65e9cc9a6b7,model_3,l_train ~ closed_days + mon_thurs + friday + saturday,0.943584543,0.918670811,0.297744392
air_77dfc83450cbc89c,model_5,"Regression with ARIMA(0,0,0)(2,0,0)[7] errors",0.950107082,0.961757686,0.298058053
air_26c5bbeb7bb82bf1,model_3,l_train ~ closed_days + mon_thurs + friday + saturday,0.948753426,0.96006193,0.299701722
air_1dea9815ccd36620,model_3,l_train ~ closed_days + mon_thurs + friday + saturday,0.760339305,0.895543308,0.300423531
air_e88bbe2ede3467aa,model_3,l_train ~ closed_days + mon_thurs + friday + saturday,0.795615057,0.860218604,0.301462947
air_78df4dc6a7e83e41,model_5,"Regression with ARIMA(0,1,1) errors",0.821849104,0.915160956,0.301661019
air_a9178f19da58fe99,model_5,"Regression with ARIMA(0,0,0)(1,0,0)[7] errors",0.72019778,0.871188203,0.302077548
air_0a74a5408a0b8642,model_5,"Regression with ARIMA(3,0,1)(1,0,0)[7] errors",0.906655721,0.24582716,0.303040733
air_0647f17b4dc041c8,model_1,"ETS(A,N,A)",0.813111343,0.884115716,0.303227014
air_602ca92c0db34f8f,model_3,l_train ~ log_reserves + closed_days + mon_thurs + friday + saturday,0.926501517,0.917645213,0.30335887
air_95d28905941fd4cb,model_5,"Regression with ARIMA(0,1,1) errors",0.950318496,0.932776243,0.303658263
air_d6b3e67261f07646,model_5,"Regression with ARIMA(0,0,0)(1,0,1)[7] errors",0.864479333,0.931106861,0.306543256
air_af63df35857b16e6,model_5,"Regression with ARIMA(1,1,1)(2,0,0)[7] errors",0.853381657,0.889241078,0.306638159
air_473f98b212d37b4a,model_3,l_train ~ closed_days + mon_thurs + friday + saturday,0.845518526,0.947417115,0.307276681
air_99157b6163835eec,model_5,"Regression with ARIMA(0,1,1)(0,0,1)[7] errors",0.978705826,0.966360059,0.307586706
air_9a6f6e7f623003d2,model_3,l_train ~ closed_days + mon_thurs + friday + saturday,0.724373469,0.818951015,0.30788737
air_47070be6093f123e,model_3,l_train ~ closed_days + mon_thurs + friday + saturday,0.927763911,0.955191936,0.308272477
air_88ca84051ba95339,model_5,"Regression with ARIMA(0,1,1)(2,0,0)[7] errors",0.907811035,0.937286998,0.310680854
air_614e2f7e76dff854,model_3,l_train ~ log_reserves + closed_days + mon_thurs + friday + saturday,0.824844927,0.909018934,0.311855032
air_baf28ac9f13a307d,model_3,l_train ~ closed_days + mon_thurs + friday + saturday,0.88280553,0.941349692,0.312993841
air_52e2a1fd42bc917a,model_3,l_train ~ closed_days + mon_thurs + friday + saturday,0.949195574,0.888651973,0.313577688
air_36bcf77d3382d36e,model_5,"Regression with ARIMA(1,0,0) errors",0.660633416,0.615565761,0.31545995
air_1dd8f6f47480d1a2,model_5,"Regression with ARIMA(0,0,1) errors",0.910186755,0.917654688,0.316588788
air_3bb99a1fe0583897,model_5,"Regression with ARIMA(0,0,0)(0,0,1)[7] errors",0.757644894,0.946342931,0.316827558
air_1f34e9beded2231a,model_5,"Regression with ARIMA(1,1,2) errors",0.895007274,0.920762734,0.317269656
air_cb7467aed805e7fe,model_5,"Regression with ARIMA(1,1,1) errors",0.43949165,0.077215129,0.317311236
air_d186b2cb0b9ce022,model_5,"Regression with ARIMA(0,1,1)(2,0,0)[7] errors",0.7709336,0.832209728,0.317947166
air_ecab54b57a71b10d,model_3,l_train ~ closed_days + mon_thurs + friday + saturday,0.845973836,0.894111159,0.319093768
air_7831b00996701c0f,model_5,"Regression with ARIMA(1,0,1) errors",0.815027638,0.941344289,0.319496553
air_65e294f1ae6df9c3,model_3,l_train ~ closed_days + mon_thurs + friday + saturday,0.896113564,0.929631836,0.319870091
air_9241121af22ff1d6,model_5,"Regression with ARIMA(0,0,0)(2,0,0)[7] errors",0.734638021,0.888003143,0.320006777
air_c9ed65554b6edffb,model_5,"Regression with ARIMA(0,1,1) errors",0.659696537,0.69029515,0.320368144
air_4254c3fc3ad078bd,model_1,"ETS(A,N,A)",0.593138693,0.82838123,0.320701235
air_96743eee94114261,model_5,"Regression with ARIMA(0,1,1)(1,0,0)[7] errors",0.866317763,0.922129435,0.320998068
air_8ec47c0f1e2c879e,model_2,"STL +  ETS(A,N,N)",NA for STL,0.349999792,0.321580609
air_61b8d37c33617f21,model_3,l_train ~ mon_thurs + friday + saturday,0.291369867,0.304914953,0.322190646
air_539d693f7317c62d,model_5,"Regression with ARIMA(2,1,1)(1,0,0)[7] errors",0.857965049,0.919039267,0.322388936
air_b162fb07fbbdea33,model_1,"ETS(A,N,A)",0.780597451,0.890148664,0.324384705
air_6ff5fca957798daa,model_5,"Regression with ARIMA(0,1,1) errors",0.840832582,0.855624803,0.327019222
air_43d577e0c9460e64,model_3,l_train ~ closed_days + mon_thurs + friday + saturday,0.93304818,0.967393572,0.32701933
air_d3e7b5952cd09ccb,model_3,l_train ~ closed_days + mon_thurs + friday + saturday,0.912307029,0.919921265,0.327072377
air_ebe02c3090271fa9,model_5,"Regression with ARIMA(0,0,0) errors",0.902200735,0.897045265,0.327456903
air_2fc149abe33adcb4,model_3,l_train ~ closed_days + mon_thurs + friday + saturday,0.924778281,0.938542709,0.328310766
air_8e492076a1179383,model_3,l_train ~ closed_days + mon_thurs + friday + saturday,0.895087976,0.9325303,0.328716439
air_6b942d5ebbc759c2,model_5,"Regression with ARIMA(0,0,0) errors",0.851351461,0.904699209,0.329723041
air_dc0e080ba0a5e5af,model_5,"Regression with ARIMA(0,0,0) errors",0.292445979,0.322913379,0.330146101
air_1f1390a8be2272b3,model_5,"Regression with ARIMA(1,1,1)(1,0,0)[7] errors",0.81088219,0.850417143,0.330483046
air_96005f79124e12bf,model_5,"Regression with ARIMA(0,1,1)(1,0,0)[7] errors",0.766002277,0.864343339,0.330533375
air_a304330715435390,model_5,"Regression with ARIMA(0,1,1) errors",0.863239614,0.87101003,0.330636525
air_681b0c56328dd2af,model_1,"ETS(A,N,A)",0.750333589,0.940404395,0.330912956
air_ad7777590c884721,model_3,l_train ~ closed_days + mon_thurs + friday + saturday,0.803936838,0.85796746,0.330995254
air_c1ff20617c54fee7,model_3,l_train ~ closed_days + mon_thurs + friday + saturday,0.91937548,0.111707318,0.331311869
air_32c61b620a766138,model_3,l_train ~ closed_days + mon_thurs + friday + saturday,0.459724062,0.492047392,0.332044495
air_86f7b2109e4abd65,model_3,l_train ~ closed_days + mon_thurs + friday + saturday,0.958054028,0.986094084,0.332779341
air_41bbf6e1d9814c4b,model_3,l_train ~ closed_days + mon_thurs + friday + saturday,0.778268797,0.842457985,0.333559972
air_de692863bb2dd758,model_5,"Regression with ARIMA(1,0,1)(1,0,0)[7] errors",0.82634227,0.885679836,0.333656957
air_40f6193ea3ed1b91,model_5,"Regression with ARIMA(0,1,1) errors",0.853176788,0.910109651,0.333688085
air_54ed43163b7596c4,model_5,"Regression with ARIMA(1,0,0)(1,0,0)[7] errors",0.938638685,0.937591835,0.334321005
air_6ca1d941c8199a67,model_5,"Regression with ARIMA(0,1,1) errors",0.733892905,0.768327814,0.335784642
air_4b9085d0d46a6211,model_3,l_train ~ closed_days + mon_thurs + friday + saturday,0.923301571,0.935080322,0.335802368
air_5b6d18c470bbfaf9,model_4,"ARIMA(1,0,0)(1,1,0)[7] with drift",0.433673281,0.939366634,0.336065743
air_36429b5ca4407b3e,model_5,"Regression with ARIMA(0,1,1)(1,0,1)[7] errors",0.819510912,0.9099711,0.336313099
air_7a946aada80376a4,model_5,"Regression with ARIMA(0,1,1)(1,0,1)[7] errors",0.619675685,0.492543016,0.3371891
air_4cca5666eaf5c709,model_3,l_train ~ closed_days + mon_thurs + friday + saturday,0.429341012,0.107029344,0.337983226
air_290e7a57b390f78e,model_3,l_train ~ log_reserves + closed_days + mon_thurs + friday + saturday,0.849891475,0.935468857,0.338243636
air_af24e3e817dea1e5,model_5,"Regression with ARIMA(1,0,0) errors",0.733892551,0.916961482,0.338645829
air_e1b76fcb5208fb6b,model_3,l_train ~ closed_days + mon_thurs + friday + saturday,0.521298851,0.336355497,0.338875983
air_298513175efdf261,model_5,"Regression with ARIMA(0,1,1)(2,0,0)[7] errors",0.910415634,0.729317541,0.339292999
air_ef47430bcd6f6a89,model_5,"Regression with ARIMA(0,1,1)(1,0,0)[7] errors",0.950722969,0.92981456,0.339600928
air_10713fbf3071c361,model_1,"ETS(A,N,A)",0.491348824,0.864044781,0.339641796
air_6411203a47b5ec77,model_5,"Regression with ARIMA(0,0,0) errors",0.831365706,0.8688611,0.340337193
air_3cad29d1a23209d2,model_3,l_train ~ log_reserves + closed_days + mon_thurs + friday + saturday,0.892191907,0.888186087,0.341232439
air_86cfbf2624576fad,model_3,l_train ~ closed_days + mon_thurs + friday + saturday,0.806233845,0.881756827,0.341659
air_2fc478dc9f0a6b31,model_5,"Regression with ARIMA(0,1,1)(2,0,0)[7] errors",0.78874183,0.920467696,0.341751898
air_e483f5b3c4f310e0,model_5,"Regression with ARIMA(2,1,1) errors",0.759912142,0.790564488,0.342237923
air_142e78ba7001da9c,model_3,l_train ~ log_reserves + closed_days + mon_thurs + friday + saturday,0.74797457,0.802584151,0.342394358
air_e00fe7853c0100d6,model_3,l_train ~ log_reserves + mon_thurs + friday + saturday,0.537132448,0.509342522,0.344196493
air_915558a55c2bc56c,model_5,"Regression with ARIMA(0,0,0) errors",0.706511718,0.649192678,0.344846909
air_6a15e4eae523189d,model_5,"Regression with ARIMA(0,0,0)(1,0,0)[7] errors",0.888440636,0.902320744,0.345084237
air_ea6d0c3acf00b22a,model_5,"Regression with ARIMA(0,1,2) errors",0.854626547,0.912859295,0.345085896
air_d97dabf7aae60da5,model_3,l_train ~ closed_days + mon_thurs + friday + saturday,0.423421941,0.609963831,0.346338022
air_9bbc673495e23532,model_5,"Regression with ARIMA(0,1,1)(1,0,0)[7] errors",0.831509794,0.849546753,0.346677014
air_70f834596eb99fee,model_5,"Regression with ARIMA(0,0,0) errors",0.901928967,0.899268802,0.348661033
air_05c325d315cc17f5,model_5,"Regression with ARIMA(0,1,1)(2,0,1)[7] errors",0.574541043,0.116752315,0.348695618
air_5cb030b9f0b91537,model_3,l_train ~ closed_days + mon_thurs + friday + saturday,0.857064283,0.863471256,0.349371346
air_cc1a0e985ce63711,model_3,l_train ~ closed_days + mon_thurs + friday + saturday,0.577199746,0.331324764,0.349571046
air_b0a6a4c5e95c74cf,model_2,"STL +  ETS(A,N,N)",NA for STL,0.891760091,0.349783503
air_b2dcec37b83e2494,model_3,l_train ~ closed_days + mon_thurs + friday + saturday,0.709266569,0.813913163,0.351294024
air_1707a3f18bb0da07,model_5,"Regression with ARIMA(0,1,1)(2,0,0)[7] errors",0.834393244,0.929583216,0.351296782
air_67f87c159d9e2ee2,model_3,l_train ~ log_reserves + closed_days + mon_thurs + friday + saturday,0.760398545,0.455172052,0.351357971
air_fb44f566d4f64a4e,model_3,l_train ~ closed_days + mon_thurs + friday + saturday,0.933856583,0.938232486,0.352287955
air_ccd19a5bc5573ae5,model_3,l_train ~ log_reserves + closed_days + mon_thurs + friday + saturday,0.706333748,0.685051363,0.352380005
air_d138b593ebda55cc,model_5,"Regression with ARIMA(0,1,1)(0,0,1)[7] errors",0.552140586,0.37869704,0.352917264
air_950381108f839348,model_5,"Regression with ARIMA(0,0,0) errors",0.905873556,0.937381328,0.353345318
air_bb4ff06cd661ee9b,model_4,"ARIMA(1,0,0)(0,1,0)[7]",0.783456637,0.923665768,0.353418614
air_72f5146cf0c49beb,model_3,l_train ~ closed_days + mon_thurs + friday + saturday,0.683868699,0.118532101,0.353632574
air_bfafaed35e213fd7,model_5,"Regression with ARIMA(0,1,1)(1,0,0)[7] errors",0.793982129,0.875136623,0.354286619
air_cd5f54969be9ed08,model_1,"ETS(A,N,A)",0.505601818,0.778347907,0.354537118
air_39dccf7df20b1c6a,model_5,"Regression with ARIMA(1,0,0) errors",0.546728368,0.279789833,0.354577533
air_16179d43b6ee5fd8,model_3,l_train ~ closed_days + mon_thurs + friday + saturday,0.88043539,0.902198094,0.35464773
air_546b353cbea4a45b,model_5,"Regression with ARIMA(0,0,0) errors",0.896184244,0.898197779,0.354864088
air_9d474ec2448c700d,model_5,"Regression with ARIMA(0,0,0) errors",0.752609826,0.881369986,0.355085129
air_9352c401d5adb01b,model_5,"Regression with ARIMA(0,1,1) errors",0.855949255,0.844634231,0.355648338
air_7f3dc18494bce98b,model_1,"ETS(A,N,A)",0.400740502,0.499805028,0.35582759
air_ef789667e2e6fe96,model_3,l_train ~ log_reserves + closed_days + mon_thurs + friday + saturday,0.651536268,0.702735577,0.356874948
air_96ec3cfe78cb0652,model_5,"Regression with ARIMA(0,0,0) errors",0.92290266,0.923070311,0.357096896
air_6d65dd11d96e00fb,model_5,"Regression with ARIMA(1,1,1)(0,0,2)[7] errors",0.839704015,0.853035333,0.357213398
air_96773a6236d279b1,model_3,l_train ~ log_reserves + closed_days + mon_thurs + friday + saturday,0.762431608,0.887090616,0.357668128
air_84f6876ff7e83ae7,model_3,l_train ~ log_reserves + closed_days + mon_thurs + friday + saturday,0.857909593,0.897386046,0.360146899
air_7db266904cb0d72a,model_3,l_train ~ log_reserves + closed_days + mon_thurs + friday + saturday,0.821623529,0.864958618,0.361079451
air_500641aca4cf673c,model_1,"ETS(A,N,A)",0.741631344,0.937463497,0.361698425
air_97cf68dc1a9beac0,model_3,l_train ~ log_reserves + closed_days + mon_thurs + friday + saturday,0.831694727,0.886634554,0.361952773
air_83db5aff8f50478e,model_5,"Regression with ARIMA(1,1,1) errors",0.737522119,0.865435361,0.362199606
air_d07e57b21109304a,model_5,"Regression with ARIMA(0,1,1)(0,0,1)[7] errors",0.699770496,0.396521589,0.362225146
air_1d25ca6c76df48b4,model_3,l_train ~ closed_days + mon_thurs + friday + saturday,0.765030171,0.280522194,0.362549075
air_536043fcf1a4f8a4,model_5,"Regression with ARIMA(0,0,0)(1,0,0)[7] errors",0.653662897,0.265826985,0.362683746
air_4feeb8600f131e43,model_5,"Regression with ARIMA(0,0,0) errors",0.965956243,0.939446459,0.362820654
air_96929a799b12a43e,model_3,l_train ~ closed_days + mon_thurs + friday + saturday,0.8885362,0.934965359,0.363544063
air_ee3a01f0c71a769f,model_3,l_train ~ log_reserves + closed_days + mon_thurs + friday + saturday,0.922645151,0.920502657,0.365093409
air_e657ca554b0c008c,model_5,"Regression with ARIMA(0,0,0) errors",0.799940849,0.912499222,0.365826067
air_883ca28ef0ed3d55,model_3,l_train ~ closed_days + mon_thurs + friday + saturday,0.310270681,0.228751795,0.366643972
air_bedd35489e666605,model_5,"Regression with ARIMA(0,1,1) errors",0.899032122,0.938230532,0.366683325
air_5dea8a7a5bf5eb71,model_3,l_train ~ closed_days + mon_thurs + friday + saturday,0.647195606,3.40E-07,0.367157513
air_b8925441167c3152,model_5,"Regression with ARIMA(1,1,1)(1,0,0)[7] errors",0.70696199,0.774502884,0.367277838
air_91d72e16c4bcba55,model_3,l_train ~ closed_days + mon_thurs + friday + saturday,0.801693997,0.858553651,0.367648553
air_c6aa2efba0ffc8eb,model_3,l_train ~ closed_days + mon_thurs + friday + saturday,0.91587683,0.9356722,0.368259101
air_4570f52104fe0982,model_5,"Regression with ARIMA(0,1,1) errors",0.582286539,0.730190744,0.368818401
air_85bd13a49370c392,model_5,"Regression with ARIMA(0,0,0) errors",0.534170432,0.115002114,0.368942119
air_452100f5305dde64,model_5,"Regression with ARIMA(0,0,0) errors",0.823903088,0.856043752,0.369209187
air_cbe139af83feb388,model_1,"ETS(A,N,A)",0.644626436,0.514488509,0.369216537
air_9d452a881f7f2bb7,model_3,l_train ~ log_reserves + closed_days + mon_thurs + friday + saturday,0.673280502,0.88417441,0.369258106
air_b30fffd7ab1e75a5,model_5,"Regression with ARIMA(0,1,1)(1,0,0)[7] errors",0.909666821,0.914033003,0.369582333
air_709262d948dd0b6e,model_5,"Regression with ARIMA(0,0,0) errors",0.830892622,0.897737161,0.370047931
air_9ae7081cb77dc51e,model_2,"STL +  ETS(A,N,N)",NA for STL,0.718905117,0.37033329
air_9bf595ef095572fb,model_3,l_train ~ closed_days + mon_thurs + friday + saturday,0.693488514,0.523938602,0.370349157
air_401b39f97e56b939,model_3,l_train ~ closed_days + mon_thurs + friday + saturday,0.900226723,0.91020591,0.371289934
air_c225148c0fcc5c72,model_5,"Regression with ARIMA(0,1,1)(1,0,0)[7] errors",0.770846851,0.887095189,0.371700432
air_346ade7d29230634,model_5,"Regression with ARIMA(0,1,1)(1,0,2)[7] errors",0.766008493,0.852245017,0.372188971
air_3440e0ea1b70a99b,model_5,"Regression with ARIMA(1,0,1)(2,0,1)[7] errors",0.690364286,0.484551592,0.372460687
air_f180301886c21375,model_3,l_train ~ log_reserves + closed_days + mon_thurs + friday + saturday,0.765403657,0.771461206,0.372943618
air_0382c794b73b51ad,model_5,"Regression with ARIMA(0,1,1)(0,0,2)[7] errors",0.92521798,0.962558525,0.373075038
air_6607fe3671242ce3,model_1,"ETS(A,N,A)",0.323172657,0.575568791,0.373300431
air_24e8414b9b07decb,model_5,"Regression with ARIMA(0,1,1)(1,0,0)[7] errors",0.833924345,0.780399672,0.373489635
air_09661c0f3259cc04,model_5,"Regression with ARIMA(0,0,0)(1,0,0)[7] errors",0.784518359,0.768531994,0.373944459
air_a11473cc1eb9a27f,model_5,"Regression with ARIMA(0,0,0)(1,0,0)[7] errors",0.859309151,0.935886715,0.37436019
air_e3020992d5fe5dfd,model_5,"Regression with ARIMA(1,0,1)(1,0,0)[7] errors",0.813879716,0.858944658,0.375034689
air_e8ed9335d0c38333,model_5,"Regression with ARIMA(2,1,1)(1,0,0)[7] errors",0.932522007,0.924165663,0.376225701
air_e08b9cf82057a170,model_3,l_train ~ closed_days + mon_thurs + friday + saturday,0.672678402,0.499724935,0.376921832
air_68301bcb11e2f389,model_2,"STL +  ETS(A,N,N)",NA for STL,0.171733833,0.377410187
air_e89735e80d614a7e,model_3,l_train ~ log_reserves + closed_days + mon_thurs + friday + saturday,0.879706471,0.952552999,0.377510159
air_4d90a22572fa1ec9,model_5,"Regression with ARIMA(0,0,0)(1,0,0)[7] errors",0.866457084,0.893232055,0.377711576
air_8a906e5801eac81c,model_3,l_train ~ closed_days + mon_thurs + friday + saturday,0.913700593,0.882663751,0.378247047
air_1eeff462acb24fb7,model_5,"Regression with ARIMA(2,1,2)(1,0,0)[7] errors",0.837157759,0.879424527,0.37835229
air_f88898cd09f40496,model_3,l_train ~ closed_days + mon_thurs + friday + saturday,0.553406887,0.603455867,0.379064059
air_9105a29b0eb250d2,model_3,l_train ~ closed_days + mon_thurs + friday + saturday,0.530165511,0.638191781,0.379104053
air_bfda7731a6c6fc61,model_3,l_train ~ closed_days + mon_thurs + friday + saturday,0.8751533,0.934220855,0.379446785
air_00a91d42b08b08d9,model_5,"Regression with ARIMA(2,1,1) errors",0.904935406,0.922299951,0.379786746
air_c47aa7493b15f297,model_5,"Regression with ARIMA(0,1,1) errors",0.901424631,0.590328283,0.380557989
air_0585011fa179bcce,model_5,"Regression with ARIMA(0,1,1) errors",0.587538988,0.576366763,0.381271462
air_a1fe8c588c8d2f30,model_5,"Regression with ARIMA(0,0,0) errors",0.440731524,0.867696251,0.38211527
air_90bd5de52c166767,model_5,"Regression with ARIMA(0,1,1) errors",0.866435922,0.892770231,0.382121676
air_5e34c6fe6fabd10e,model_3,l_train ~ closed_days + mon_thurs + friday + saturday,0.86637851,0.925700811,0.382884615
air_cadf9cfb510a1d78,model_5,"Regression with ARIMA(0,1,1) errors",0.919535792,0.902999342,0.383356229
air_5ed3198e4a5eed0f,model_5,"Regression with ARIMA(0,1,2)(0,0,1)[7] errors",0.943173493,0.961897085,0.383512177
air_a510dcfe979f09eb,model_5,"Regression with ARIMA(0,0,0) errors",0.457452488,0.547848048,0.383913217
air_ced6297e5bdf5130,model_5,"Regression with ARIMA(1,1,1)(1,0,0)[7] errors",0.867663482,0.710925929,0.38473699
air_fd6aac1043520e83,model_5,"Regression with ARIMA(0,0,0) errors",0.910752095,0.919955531,0.38494516
air_e58f669b6f1a08ce,model_2,"STL +  ETS(A,N,N)",NA for STL,0.859631327,0.38500367
air_daa7947e1c47f5ed,model_2,"STL +  ETS(A,N,N)",NA for STL,0.430192578,0.385283832
air_56cd12f31a0afc04,model_3,l_train ~ closed_days + mon_thurs + friday + saturday,0.754416454,0.249809684,0.385516009
air_2aab19554f91ff82,model_4,"ARIMA(1,0,0)(1,1,0)[7] with drift",0.626565541,0.930659901,0.385604692
air_d1f20424f76cc78e,model_5,"Regression with ARIMA(0,0,0) errors",0.858926579,0.870966183,0.385612495
air_0b1e72d2d4422b20,model_3,l_train ~ log_reserves + closed_days + mon_thurs + friday + saturday,0.789726622,0.889830928,0.385788678
air_a678e5b144ca24ce,model_3,l_train ~ closed_days + mon_thurs + friday + saturday,0.905743654,0.873600843,0.386041682
air_eb5788dba285e725,model_5,"Regression with ARIMA(0,0,0) errors",0.831721284,0.871320267,0.389095519
air_abcdc8115988a010,model_5,"Regression with ARIMA(0,0,0)(1,0,0)[7] errors",0.68888363,0.900235418,0.389160054
air_64d4491ad8cdb1c6,model_3,l_train ~ closed_days + mon_thurs + friday + saturday,0.74149866,0.834949918,0.389311915
air_396166d47733d5c9,model_5,"Regression with ARIMA(0,1,1) errors",0.786938684,0.758398159,0.389942446
air_1ae94f514a0bce13,model_5,"Regression with ARIMA(1,1,1) errors",0.918020083,0.973720098,0.390062772
air_ec0fad2def4dcff0,model_3,l_train ~ closed_days + mon_thurs + friday + saturday,0.864384841,0.851769544,0.390324042
air_4b55d8aea1d2b395,model_5,"Regression with ARIMA(0,1,1) errors",0.937096349,0.617377652,0.3910615
air_eb20a89bba7dd3d0,model_5,"Regression with ARIMA(0,1,1)(0,0,1)[7] errors",0.716486361,0.738955778,0.391338561
air_6b9fa44a9cf504a1,model_3,l_train ~ log_reserves + closed_days + mon_thurs + friday + saturday,0.770179004,0.788092668,0.39166673
air_397d3f32a7196aa2,model_5,"Regression with ARIMA(0,1,1)(1,0,0)[7] errors",0.88018606,0.906973688,0.391884907
air_88c8e34baa79217b,model_5,"Regression with ARIMA(0,0,0)(0,0,1)[7] errors",0.907721757,0.834062035,0.392823154
air_8764b3473ddcceaf,model_5,"Regression with ARIMA(0,1,1)(1,0,1)[7] errors",0.894821514,0.774276331,0.39292434
air_d54d6fcb116fbed3,model_5,"Regression with ARIMA(0,1,1)(1,0,0)[7] errors",0.825207501,0.724674409,0.393707033
air_9d93d95720f2e831,model_5,"Regression with ARIMA(0,1,1)(1,0,0)[7] errors",0.839495771,0.874540212,0.393963445
air_d477b6339b8ce69f,model_3,l_train ~ closed_days + mon_thurs + friday + saturday,0.701425565,0.79515885,0.394054488
air_2f8ced25216df926,model_3,l_train ~ closed_days + mon_thurs + friday + saturday,0.399089193,0.167378285,0.394211945
air_1ba4e87ef7422183,model_5,"Regression with ARIMA(0,0,0) errors",0.732460321,0.075127835,0.39454824
air_b28bed4b2e7167b7,model_5,"Regression with ARIMA(0,1,1) errors",0.609518252,0.311337421,0.394951357
air_421670f21da5ba31,model_3,l_train ~ closed_days + mon_thurs + friday + saturday,0.855006724,0.850950705,0.395520874
air_15e6e15c7ea2c162,model_5,"Regression with ARIMA(0,1,1)(2,0,1)[7] errors",0.815446407,0.816461647,0.396234349
air_23ee674e91469086,model_3,l_train ~ closed_days + mon_thurs + friday + saturday,0.755135274,0.663681586,0.396513483
air_a271c9ba19e81d17,model_5,"Regression with ARIMA(0,0,0) errors",0.045715071,0.252126448,0.39654245
air_9a30407764f4ff84,model_5,"Regression with ARIMA(0,1,1)(0,0,1)[7] errors",0.924132853,0.901201179,0.397432694
air_2a7f14da7fe0f699,model_5,"Regression with ARIMA(0,0,0)(2,0,0)[7] errors",0.871285655,0.929004357,0.3975139
air_09a845d5b5944b01,model_5,"Regression with ARIMA(0,1,1)(2,0,1)[7] errors",0.776604433,0.789946321,0.397938436
air_97b2a9f975fc702c,model_3,l_train ~ log_reserves + closed_days + mon_thurs + friday + saturday,0.655092897,0.56120547,0.397961008
air_820d1919cbecaa0a,model_3,l_train ~ closed_days + mon_thurs + friday + saturday,0.862228209,0.838635174,0.397993054
air_12c4fb7a423df20d,model_5,"Regression with ARIMA(1,0,0)(1,0,0)[7] errors",0.5230715,0.506558491,0.398295209
air_20add8092c9bb51d,model_5,"Regression with ARIMA(0,1,2)(1,0,0)[7] errors",0.625202067,0.687309619,0.398533661
air_e270aff84ac7e4c8,model_3,l_train ~ log_reserves + closed_days + mon_thurs + friday + saturday,0.369153903,0.783904677,0.401222452
air_eeeadee005c006a2,model_1,"ETS(A,Ad,A)",0.130763814,0.123643315,0.401234492
air_9dc9483f717d73ee,model_5,"Regression with ARIMA(0,1,1) errors",0.789459736,0.785125388,0.402936721
air_f183a514cb8ff4fa,model_1,"ETS(A,N,A)",0.420851582,0.131799941,0.403068677
air_6873982b9e19c7ad,model_3,l_train ~ closed_days + mon_thurs + friday + saturday,0.757316393,0.792476457,0.403140685
air_de803f7e324936b8,model_3,l_train ~ log_reserves + closed_days + mon_thurs + friday + saturday,0.433104904,0.464463049,0.40318867
air_6b15edd1b4fbb96a,model_5,"Regression with ARIMA(0,1,1) errors",0.702694528,0.559862344,0.403421392
air_7bacc4d36fb094c9,model_5,"Regression with ARIMA(0,0,0) errors",0.734622585,0.849650996,0.404684617
air_789466e488705c93,model_3,l_train ~ log_reserves + closed_days + mon_thurs + friday + saturday,0.783404876,0.907127129,0.404709101
air_f690c42545146e0a,model_3,l_train ~ log_reserves + closed_days + mon_thurs + friday + saturday,0.847310769,0.892526205,0.405658893
air_228f10bec0bda9c8,model_5,"Regression with ARIMA(0,0,0) errors",0.862165388,0.865688119,0.405701105
air_aa0049fe3cc6f4d6,model_5,"Regression with ARIMA(0,1,1) errors",0.594037578,0.415572321,0.405777539
air_4d21676ed11f0bac,model_5,"Regression with ARIMA(0,1,1)(1,0,1)[7] errors",0.751599609,0.794929128,0.40635303
air_3b20733899b5287f,model_5,"Regression with ARIMA(1,1,1)(0,0,1)[7] errors",0.95645541,0.931182022,0.406568212
air_df554c4527a1cfe6,model_5,"Regression with ARIMA(1,0,0)(1,0,0)[7] errors",0.972819203,0.578668807,0.407083288
air_947eb2cae4f3e8f2,model_5,"Regression with ARIMA(1,0,0)(2,0,0)[7] errors",0.406324862,0.717260768,0.407203179
air_71903025d39a4571,model_3,l_train ~ closed_days + mon_thurs + friday + saturday,0.379504277,0.328505242,0.407270571
air_60a7057184ec7ec7,model_1,"ETS(A,N,A)",0.337221939,0.483258958,0.408315501
air_95e917913cd988f3,model_4,"ARIMA(1,0,0)(1,1,1)[7]",0.839694276,0.947942893,0.410232495
air_68c1de82037d87e6,model_3,l_train ~ log_reserves + closed_days + mon_thurs + friday + saturday,0.894774718,0.891002012,0.410407712
air_fab092c35776a9b1,model_5,"Regression with ARIMA(0,1,1)(1,0,0)[7] errors",0.664668853,0.486607242,0.41085705
air_c9f6de13be8b8f25,model_5,"Regression with ARIMA(1,1,1)(1,0,0)[7] errors",0.61214657,0.593519714,0.410905441
air_5f3a3ef4cba110a4,model_5,"Regression with ARIMA(0,1,1)(0,0,1)[7] errors",0.900315637,0.921472159,0.411387881
air_683371d9baabf410,model_5,"Regression with ARIMA(1,1,2) errors",0.919774658,0.874739771,0.411459831
air_0241aa3964b7f861,model_5,"Regression with ARIMA(0,1,1) errors",0.752430582,0.76386154,0.412405896
air_1653a6c513865af3,model_5,"Regression with ARIMA(0,1,1) errors",0.825022551,0.907760055,0.412807992
air_627cabe2fe53f33f,model_5,"Regression with ARIMA(0,0,0)(1,0,0)[7] errors",0.820212445,0.871559145,0.41315618
air_3f91d592acd6cc0b,model_3,l_train ~ closed_days + mon_thurs + friday + saturday,0.80187837,0.802841126,0.413664832
air_a083834e7ffe187e,model_5,"Regression with ARIMA(0,1,1) errors",0.46788926,0.759940555,0.41393258
air_2a24aec099333f39,model_1,"ETS(A,N,A)",0.675048962,0.800564691,0.414220481
air_3caef3f76b8f26c5,model_5,"Regression with ARIMA(0,0,0) errors",0.860418218,0.937496424,0.415128226
air_32f5d7cd696e3c4a,model_1,"ETS(A,N,A)",0.414169719,0.630315152,0.415454442
air_c027e2b560442808,model_5,"Regression with ARIMA(1,0,0)(1,0,1)[7] errors",0.673933827,0.731890364,0.416234474
air_16c4cfddeb2cf69b,model_5,"Regression with ARIMA(1,0,0) errors",0.407324095,0.408162416,0.417380235
air_681f96e6a6595f82,model_3,l_train ~ closed_days + mon_thurs + friday + saturday,0.932753858,0.900529038,0.417718054
air_2c989829acbd1c6b,model_3,l_train ~ log_reserves + closed_days + mon_thurs + friday + saturday,0.881258812,0.922133366,0.417926919
air_93b9bb641f8fc982,model_5,"Regression with ARIMA(0,0,0) errors",0.623484502,0.1443429,0.418468506
air_a218912784bf767d,model_5,"Regression with ARIMA(0,0,0) errors",0.766576612,0.769944789,0.418679491
air_347be2c4feeb408b,model_3,l_train ~ closed_days + mon_thurs + friday + saturday,0.950195543,0.8653193,0.419174787
air_5c817ef28f236bdf,model_5,"Regression with ARIMA(0,1,2)(2,0,0)[7] errors",0.470011592,0.5538879,0.419769768
air_bf7591560077332d,model_3,l_train ~ closed_days + mon_thurs + friday + saturday,0.792997574,0.860024313,0.420085155
air_303bac187b53083a,model_3,l_train ~ closed_days + mon_thurs + friday + saturday,0.876545841,0.870753861,0.421131722
air_375a5241615b5e22,model_5,"Regression with ARIMA(0,1,1) errors",0.744082487,0.638954592,0.421315638
air_6ced51c24fb54262,model_5,"Regression with ARIMA(0,0,0) errors",0.683277828,0.832566429,0.4215027
air_859feab8e3c9f98d,model_3,l_train ~ closed_days + mon_thurs + friday + saturday,0.910634024,0.881696629,0.422239589
air_2cee51fa6fdf6c0d,model_5,"Regression with ARIMA(2,0,1) errors",0.836971184,0.912239821,0.422342684
air_90213bcae4afa274,model_3,l_train ~ closed_days + mon_thurs + friday + saturday,0.857965594,0.886123627,0.42250849
air_a257c9749d8d0ff6,model_2,"STL +  ETS(M,N,N)",NA for STL,0.870795431,0.422759016
air_c3dcaf3aeb18e20e,model_1,"ETS(A,N,A)",0.538523673,0.520489667,0.422808345
air_84060403939d8216,model_3,l_train ~ closed_days + mon_thurs + friday + saturday,0.571374793,0.24030597,0.423117809
air_04341b588bde96cd,model_5,"Regression with ARIMA(0,0,0) errors",0.447648977,0.18268215,0.424362451
air_8d50c64692322dff,model_5,"Regression with ARIMA(2,1,3)(2,0,2)[7] errors",0.90634542,0.898910107,0.424641482
air_efc80d3f96b3aff7,model_5,"Regression with ARIMA(0,1,1)(0,0,2)[7] errors",0.634204323,0.750762058,0.424746318
air_414ff459ed18fa48,model_3,l_train ~ closed_days + mon_thurs + friday + saturday,0.446375345,0.13765517,0.425590874
air_a8533b7a992bb0ca,model_5,"Regression with ARIMA(0,1,1) errors",0.805362781,0.071787382,0.425614102
air_890d7e28e8eaaa11,model_5,"Regression with ARIMA(0,0,0) errors",0.706827291,0.747223741,0.425801705
air_b5bdd318005d9aa4,model_5,"Regression with ARIMA(0,1,2) errors",0.945513605,0.964730326,0.426509163
air_6e64fb5821402cd2,model_3,l_train ~ closed_days + mon_thurs + friday + saturday,0.798432972,0.825132219,0.426565366
air_5acc13d655a6e8b2,model_3,l_train ~ log_reserves + closed_days + mon_thurs + friday + saturday,0.816053012,0.834942202,0.427177651
air_f927b2da69a82341,model_5,"Regression with ARIMA(0,1,1) errors",0.914426827,0.873157374,0.427325829
air_8c119d1f16049f20,model_3,l_train ~ closed_days + mon_thurs + friday + saturday,0.514402151,0.087577444,0.4277189
air_a41b032371a63427,model_2,"STL +  ETS(A,N,N)",NA for STL,0.807125888,0.428163228
air_a373500730e2a9e0,model_5,"Regression with ARIMA(0,0,0) errors",0.813728789,0.791900792,0.428448993
air_968d72c12eed09f0,model_3,l_train ~ closed_days + mon_thurs + friday + saturday,0.756335431,0.854999062,0.428520101
air_0ead98dd07e7a82a,model_3,l_train ~ closed_days + mon_thurs + friday + saturday,0.713216702,0.884690586,0.429292667
air_9fc607777ad76b26,model_5,"Regression with ARIMA(0,1,1) errors",0.804651618,0.884221291,0.429491013
air_473cf23b9e7c0a37,model_3,l_train ~ closed_days + mon_thurs + friday + saturday,0.815693712,0.765512904,0.429731763
air_81546875de9c8e78,model_5,"Regression with ARIMA(0,0,0)(1,0,0)[7] errors",0.448409314,0.333518162,0.429974028
air_55e11c33d4758131,model_1,"ETS(A,N,A)",0.412194964,0.521484597,0.430277185
air_db1233ad855b34d5,model_5,"Regression with ARIMA(0,1,1) errors",0.540149844,0.772344652,0.430419469
air_990a642a3deb2903,model_5,"Regression with ARIMA(0,1,1)(0,0,1)[7] errors",0.86204707,0.94624445,0.430628979
air_e053c561f32acc28,model_5,"Regression with ARIMA(0,1,1) errors",0.646021396,0.541956957,0.430799251
air_24b9b2a020826ede,model_3,l_train ~ log_reserves + closed_days + mon_thurs + friday + saturday,0.871674657,0.8421781,0.430803226
air_1d3f797dd1f7cf1c,model_3,l_train ~ closed_days + mon_thurs + friday + saturday,0.753407713,0.08917527,0.43084548
air_eceb97ad6a7d4c07,model_5,"Regression with ARIMA(0,0,0) errors",0.782127505,0.345410854,0.43098983
air_472b19e3b5bffa41,model_5,"Regression with ARIMA(0,1,1)(1,0,0)[7] errors",0.831177905,0.852188799,0.431004206
air_2d78d9a1f4dd02ca,model_5,"Regression with ARIMA(0,1,1) errors",0.768056358,0.809252042,0.431263651
air_35512c42db0868da,model_5,"Regression with ARIMA(0,1,1)(1,0,0)[7] errors",0.328938287,0.367505245,0.433806867
air_98b54e32ccddd896,model_3,l_train ~ closed_days + mon_thurs + friday + saturday,0.847279064,0.833142005,0.434474774
air_9828505fefc77d75,model_3,l_train ~ closed_days + mon_thurs + friday + saturday,0.837372514,0.847528962,0.434487418
air_3ac24136722e2291,model_5,"Regression with ARIMA(0,0,0) errors",0.668377307,0.64337911,0.434565339
air_f1094dbf2aef85d9,model_3,l_train ~ closed_days + mon_thurs + friday + saturday,0.747029964,0.7961612,0.434739522
air_ecf7f141339f1d57,model_5,"Regression with ARIMA(0,0,0) errors",0.859126495,0.866142661,0.434860097
air_632ba66e1f75aa28,model_3,l_train ~ log_reserves + closed_days + mon_thurs + friday + saturday,0.725767293,0.905748616,0.435087542
air_220cba70c890b119,model_5,"Regression with ARIMA(0,0,0) errors",0.615358168,0.428632186,0.435202054
air_fff68b929994bfbd,model_5,"Regression with ARIMA(0,0,0) errors",0.553472206,0.191608716,0.435505671
air_b5598d12d1b84890,model_5,"Regression with ARIMA(0,0,0) errors",0.653413602,0.310232305,0.435569736
air_f96765e800907c77,model_5,"Regression with ARIMA(0,1,1)(1,0,2)[7] errors",0.840599162,0.931482899,0.435848021
air_f2985de32bb792e0,model_2,"STL +  ETS(A,N,N)",NA for STL,0.098068377,0.435957365
air_b9e27558fb8bd5c4,model_5,"Regression with ARIMA(0,1,1) errors",0.814226031,0.85322479,0.436348153
air_e0e69668214ff972,model_5,"Regression with ARIMA(0,1,1)(1,0,1)[7] errors",0.837147302,0.783528438,0.436710997
air_673acd9fa5e0dd78,model_3,l_train ~ log_reserves + closed_days + mon_thurs + friday + saturday,0.694079604,0.763361071,0.436847655
air_cb935ff8610ba3d3,model_3,l_train ~ closed_days + mon_thurs + friday + saturday,0.746935839,0.80725141,0.437138599
air_675aa35cba456fd1,model_5,"Regression with ARIMA(0,1,1) errors",0.948383604,0.934239502,0.438795047
air_59cc9b2b209c6331,model_5,"Regression with ARIMA(1,0,0)(1,0,0)[7] errors",0.886493373,0.876532714,0.438851787
air_a7404a854919e990,model_1,"ETS(A,N,A)",0.182363279,0.370776575,0.439156495
air_56ea46c14b2dd967,model_1,"ETS(A,N,A)",0.43147143,0.084733033,0.439293194
air_483eba479dc9910d,model_5,"Regression with ARIMA(0,1,1) errors",0.867312141,0.877637459,0.440169067
air_4cab15ad29c0ffbc,model_3,l_train ~ closed_days + mon_thurs + friday + saturday,0.630246792,0.42260407,0.440216671
air_3c938075889fc059,model_5,"Regression with ARIMA(0,1,1)(1,0,0)[7] errors",0.780038724,0.818856316,0.440352853
air_08f994758a1e76d4,model_3,l_train ~ closed_days + mon_thurs + friday + saturday,0.630400255,0.704766284,0.440744517
air_dabfbd0ec951925a,model_3,l_train ~ closed_days + mon_thurs + friday + saturday,0.82841833,0.406130004,0.44186103
air_b8a5ee69e5fdcc5b,model_3,l_train ~ log_reserves + closed_days + mon_thurs + friday + saturday,0.748206124,0.402394773,0.442196165
air_1408dd53f31a8a65,model_5,"Regression with ARIMA(1,0,1) errors",0.548171262,0.796330706,0.442209286
air_b3a824511477a4ed,model_5,"Regression with ARIMA(0,0,0) errors",0.861777893,0.760289026,0.44272324
air_b45b8e456f53942a,model_5,"Regression with ARIMA(0,1,1) errors",0.74075046,0.594773185,0.443494683
air_dfad598ff642dab7,model_3,l_train ~ closed_days + mon_thurs + friday + saturday,0.570701565,0.885073491,0.443834078
air_f8233ad00755c35c,model_5,"Regression with ARIMA(0,1,1)(1,0,1)[7] errors",0.860026105,0.818729764,0.443838184
air_03963426c9312048,model_5,"Regression with ARIMA(0,1,1)(1,0,0)[7] errors",0.809676158,0.899991488,0.444737404
air_c8c0ef02ed72053f,model_1,"ETS(A,N,A)",0.345334378,0.419504283,0.445417055
air_2a184c1745274b2b,model_5,"Regression with ARIMA(0,1,1) errors",0.456208559,0.361978445,0.445870666
air_bdd32aa407c16335,model_3,l_train ~ closed_days + mon_thurs + friday + saturday,0.654934415,0.060553029,0.446139427
air_5cfc537125d97f16,model_3,l_train ~ closed_days + mon_thurs + friday + saturday,0.595736816,0.55036252,0.447821404
air_49211568cab5fdee,model_3,l_train ~ closed_days + mon_thurs + friday + saturday,0.381183646,0.689219262,0.447909443
air_831658500aa7c846,model_5,"Regression with ARIMA(0,0,0) errors",0.912314845,0.885121032,0.448247052
air_d00161e19f08290b,model_2,"STL +  ETS(A,N,N)",NA for STL,0.251208054,0.448592735
air_7c7774c66fb237f7,model_5,"Regression with ARIMA(1,1,1) errors",0.657613864,0.655386138,0.449117245
air_e524c6a9e06cc3a1,model_5,"Regression with ARIMA(0,1,1) errors",0.817997941,0.820862607,0.44939673
air_b2395df0e874078d,model_5,"Regression with ARIMA(0,0,0) errors",0.748573094,0.77946267,0.449674833
air_4c727b55acdee495,model_3,l_train ~ log_reserves + closed_days + mon_thurs + friday + saturday,0.657750918,0.517212162,0.450235476
air_eca5e0064dc9314a,model_5,"Regression with ARIMA(0,0,0)(0,0,1)[7] errors",0.336363389,0.67270805,0.450911851
air_722297e7f26db91d,model_3,l_train ~ closed_days + mon_thurs + friday + saturday,0.709202988,0.649914734,0.453277805
air_45326ebb8dc72cfb,model_3,l_train ~ log_reserves + closed_days + mon_thurs + friday + saturday,0.878655525,0.787728244,0.453358031
air_48f4da6223571da4,model_3,l_train ~ log_reserves + closed_days + mon_thurs + friday + saturday,0.582264928,0.738925025,0.453592118
air_938ef91ecdde6878,model_5,"Regression with ARIMA(0,1,1) errors",0.758023806,0.889988453,0.45414821
air_c4fa5c562d5409ca,model_3,l_train ~ closed_days + mon_thurs + friday + saturday,0.744471872,0.818880685,0.454674494
air_bebd55ed63ab2422,model_3,l_train ~ log_reserves + closed_days + mon_thurs + friday + saturday,0.671439564,0.792926658,0.454737217
air_6c952e3c6e590945,model_3,l_train ~ closed_days + mon_thurs + friday + saturday,0.453579956,0.103111908,0.455133455
air_5e70fe82f9e4fab6,model_3,l_train ~ log_reserves + closed_days + mon_thurs + friday + saturday,0.659803318,0.863058712,0.455430711
air_754ae581ad80cc9f,model_3,l_train ~ log_reserves + closed_days + mon_thurs + friday + saturday,0.697301631,0.848738766,0.455903505
air_08ba8cd01b3ba010,model_1,"ETS(A,N,A)",0.443702957,0.604856236,0.456443177
air_75bd5d1b6dc6670d,model_1,"ETS(A,N,A)",0.282812725,0.367329916,0.456735145
air_ba495cccc8f0f237,model_1,"ETS(A,N,A)",0.334229578,0.406118724,0.457257567
air_fdcfef8bd859f650,model_3,l_train ~ closed_days + mon_thurs + friday + saturday,0.807376245,0.214747776,0.457530718
air_232dcee6f7c51d37,model_5,"Regression with ARIMA(0,1,1) errors",0.268879165,0.148944017,0.457949593
air_3bd49f98ab7f36ab,model_2,"STL +  ETS(M,N,N)",NA for STL,0.541881177,0.458661261
air_a55d17bd3f3033cb,model_5,"Regression with ARIMA(0,0,0) errors",0.301948247,0.724492016,0.459022165
air_bd74a9222edfdfe1,model_1,"ETS(A,N,A)",0.365513097,0.326603989,0.459303742
air_28064154614b2e6c,model_3,l_train ~ log_reserves + closed_days + mon_thurs + friday + saturday,0.305547651,0.508416816,0.459436398
air_931a8a4321b6e7d1,model_5,"Regression with ARIMA(1,0,0) errors",0.711908711,0.711579569,0.4597775
air_a546cbf478a8b6e4,model_3,l_train ~ closed_days + mon_thurs + friday + saturday,0.269080801,0.310546537,0.46004844
air_b2a639cc7e02edf1,model_5,"Regression with ARIMA(0,1,2)(1,0,2)[7] errors",0.629082388,0.738609587,0.460910425
air_87078cf7903a648c,model_5,"Regression with ARIMA(0,0,0) errors",0.564429904,0.594116106,0.461441819
air_bc991c51d6613745,model_5,"Regression with ARIMA(0,1,1) errors",0.695069176,0.876894082,0.464424472
air_735bcbe1763d6e98,model_5,"Regression with ARIMA(1,1,2) errors",0.647486629,0.765885387,0.464590382
air_edd5e3d696a5811b,model_5,"Regression with ARIMA(3,1,1)(1,0,0)[7] errors",0.881453379,0.899073783,0.465011608
air_35c4732dcbfe31be,model_5,"Regression with ARIMA(0,1,1) errors",0.510901057,0.652124388,0.465145065
air_234d3dbf7f3d5a50,model_3,l_train ~ closed_days + mon_thurs + friday + saturday,0.630807025,0.464480732,0.465713951
air_74cf22153214064c,model_2,"STL +  ETS(A,N,N)",NA for STL,0.827796273,0.465865873
air_33b01025210d6007,model_5,"Regression with ARIMA(0,0,0) errors",0.677859554,0.779597365,0.466140543
air_ee3ba9af184c6c82,model_3,l_train ~ log_reserves + closed_days + mon_thurs + friday + saturday,0.821988975,0.898744553,0.466707692
air_09040f6df960ddb8,model_5,"Regression with ARIMA(0,0,0)(1,0,0)[7] errors",0.851290656,0.862691477,0.466718408
air_ffcc2d5087e1b476,model_5,"Regression with ARIMA(0,0,0) errors",0.84773353,0.816554076,0.467017028
air_e700e390226d9985,model_5,"Regression with ARIMA(1,1,1)(1,0,0)[7] errors",0.863907464,0.802047383,0.467018754
air_c6a164dd4060e960,model_5,"Regression with ARIMA(0,1,1) errors",0.811637865,0.843046037,0.467026198
air_f068442ebb6c246c,model_3,l_train ~ log_reserves + closed_days + mon_thurs + friday + saturday,0.77030051,0.762957108,0.467777852
air_61de73b097513f58,model_3,l_train ~ closed_days + mon_thurs + friday + saturday,0.574481979,0.646204529,0.468365518
air_17bed6dbf7c8b0fc,model_5,"Regression with ARIMA(0,1,1) errors",0.931853245,0.903073118,0.468461012
air_2c505f9ad67d4635,model_5,"Regression with ARIMA(0,1,1)(1,0,0)[7] errors",0.709989903,0.562246084,0.468616744
air_81a12d67c22e012f,model_5,"Regression with ARIMA(0,0,0) errors",0.845677222,0.82155353,0.468747978
air_049f6d5b402a31b2,model_5,"Regression with ARIMA(0,0,0) errors",0.75530897,0.779445273,0.4691326
air_326ca454ef3558bc,model_5,"Regression with ARIMA(0,1,1)(1,0,0)[7] errors",0.825324395,0.611525809,0.469315411
air_f3602e4fa2f12993,model_5,"Regression with ARIMA(0,0,0) errors",0.772308643,0.854334238,0.469533092
air_99c3eae84130c1cb,model_3,l_train ~ closed_days + mon_thurs + friday + saturday,0.909162111,0.889930357,0.469755911
air_28dbe91c4c9656be,model_3,l_train ~ log_reserves + mon_thurs + friday + saturday,0.503238164,0.588593689,0.469802074
air_04cae7c1bc9b2a0b,model_5,"Regression with ARIMA(0,0,0) errors",0.592141392,0.627554731,0.470108646
air_42d41eb58cad170e,model_5,"Regression with ARIMA(0,1,1) errors",0.634039444,0.791162273,0.470130174
air_79afb3f52b4d062c,model_2,"STL +  ETS(M,N,N)",NA for STL,0.373586867,0.471203188
air_0b184ec04c741a6a,model_5,"Regression with ARIMA(0,1,1)(2,0,0)[7] errors",0.822797166,0.779235885,0.471387887
air_084d98859256acf0,model_3,l_train ~ closed_days + mon_thurs + friday + saturday,0.85739052,0.837611538,0.471756205
air_db4b38ebe7a7ceff,model_5,"Regression with ARIMA(0,1,1)(0,0,2)[7] errors",0.595072077,0.69325285,0.47238363
air_cc35590cd1da8554,model_5,"Regression with ARIMA(0,0,0)(1,0,0)[7] errors",0.905206139,0.833460545,0.47269948
air_4433ab8e9999915f,model_3,l_train ~ closed_days + mon_thurs + friday + saturday,0.894981049,0.196117886,0.473079252
air_63a750d8b4b6a976,model_5,"Regression with ARIMA(0,1,1) errors",0.854741829,0.83923662,0.473386314
air_b8d9e1624baaadc2,model_5,"Regression with ARIMA(0,0,0) errors",0.694550515,0.696540426,0.473923605
air_1e23210b584540e7,model_5,"Regression with ARIMA(0,1,1)(2,0,1)[7] errors",0.578372729,0.024618393,0.474453713
air_b439391e72899756,model_3,l_train ~ log_reserves + closed_days + mon_thurs + friday + saturday,0.596579117,0.669678272,0.475136856
air_4481a87c1d7c9896,model_5,"Regression with ARIMA(0,1,1) errors",0.599590502,0.356748389,0.475767157
air_df5cf5cd03eb68d0,model_5,"Regression with ARIMA(0,0,0) errors",0.75829148,0.758897578,0.475816288
air_c2626f5f86d57342,model_3,l_train ~ closed_days + mon_thurs + friday + saturday,0.837243006,0.835376741,0.476841878
air_650f9b9de0c5542c,model_4,"ARIMA(2,0,1)(2,1,0)[7]",0.593903243,0.83548841,0.476986003
air_cf2229e64408d9fe,model_5,"Regression with ARIMA(0,0,0)(1,0,0)[7] errors",0.832683688,0.760812566,0.477807719
air_4043b7ccfbffa732,model_3,l_train ~ closed_days + mon_thurs + friday + saturday,0.830170806,0.932987306,0.477982632
air_07bb665f9cdfbdfb,model_5,"Regression with ARIMA(0,1,1)(1,0,1)[7] errors",0.885986576,0.885053575,0.478810571
air_5afb1cca48ceaa19,model_3,l_train ~ closed_days + mon_thurs + friday + saturday,0.921960837,0.87619978,0.478858742
air_68d075113f368946,model_5,"Regression with ARIMA(1,0,1) errors",0.727012432,0.804734886,0.480286394
air_7cc17a324ae5c7dc,model_3,l_train ~ log_reserves + closed_days + mon_thurs + friday + saturday,0.828085315,0.878017537,0.480369214
air_f2c5a1f24279c531,model_3,l_train ~ closed_days + mon_thurs + friday + saturday,0.837041223,0.682334749,0.481245804
air_5d945ade487cdf4d,model_3,l_train ~ closed_days + mon_thurs + friday + saturday,0.872116371,0.836775531,0.481332884
air_1e665503b8474c55,model_4,"ARIMA(0,1,2)(0,0,1)[7]",0.134115482,0.062694792,0.481448749
air_640cf4835f0d9ba3,model_5,"Regression with ARIMA(0,0,0) errors",0.402577635,0.299167796,0.483064435
air_3c05c8f26c611eb9,model_5,"Regression with ARIMA(0,1,1)(0,0,1)[7] errors",0.545813743,0.513541784,0.483942928
air_629d9935273c82ae,model_3,l_train ~ closed_days + mon_thurs + friday + saturday,0.517464555,0.135160005,0.484065366
air_54d6c25d33f5260e,model_5,"Regression with ARIMA(0,0,0)(2,0,0)[7] errors",0.639551572,0.685770726,0.484128851
air_9b13c7feb0a0c431,model_5,"Regression with ARIMA(0,1,1)(1,0,0)[7] errors",0.869479968,0.791868288,0.484234439
air_6b2268863b14a2af,model_3,l_train ~ closed_days + mon_thurs + friday + saturday,0.787852534,0.741772312,0.484381908
air_c7d30ab0e07f31d5,model_5,"Regression with ARIMA(1,1,1) errors",0.752942806,0.769186603,0.484545286
air_152c1f08d7d20e07,model_5,"Regression with ARIMA(0,0,0) errors",0.879322372,0.864545782,0.48469109
air_cf22e368c1a71d53,model_5,"Regression with ARIMA(0,0,0) errors",0.988466985,0.928268816,0.484751747
air_9d3482b4680aee88,model_5,"Regression with ARIMA(0,1,1)(1,0,0)[7] errors",0.797234634,0.845534639,0.48508926
air_c92745dfdd2ec68a,model_2,"STL +  ETS(A,N,N)",NA for STL,0.014373619,0.485267274
air_256be208a979e023,model_3,l_train ~ closed_days + mon_thurs + friday + saturday,0.415366348,0.618908426,0.485723429
air_0e1eae99b8723bc1,model_5,"Regression with ARIMA(0,1,1)(1,0,0)[7] errors",0.848950055,0.831560947,0.485956916
air_abf06fcca748dca5,model_5,"Regression with ARIMA(0,1,1)(2,0,0)[7] errors",0.661249406,0.591492553,0.486689864
air_eca4a5a191e8d993,model_5,"Regression with ARIMA(0,0,0) errors",0.878893375,0.852349618,0.486895283
air_81c2600146d07d16,model_3,l_train ~ closed_days + mon_thurs + friday + saturday,0.758473138,0.783230373,0.487348223
air_91236b89d29567af,model_1,"ETS(A,N,A)",0.428554704,0.194289595,0.487460986
air_8a1d21fad48374e8,model_3,l_train ~ closed_days + mon_thurs + friday + saturday,0.902563235,0.815688151,0.488491467
air_2c6c79d597e48096,model_3,l_train ~ closed_days + mon_thurs + friday + saturday,0.810467976,0.83400987,0.488568984
air_e0118664da63a2d0,model_5,"Regression with ARIMA(0,1,1) errors",0.888014505,0.86970941,0.488851314
air_4ce7b17062a1bf73,model_5,"Regression with ARIMA(1,0,0) errors",0.726918887,0.737293109,0.489062581
air_09fd1f5c58583141,model_3,l_train ~ closed_days + mon_thurs + friday + saturday,0.80103121,0.748407888,0.489339057
air_9dd7d38b0f1760c4,model_3,l_train ~ closed_days + mon_thurs + friday + saturday,0.747941878,0.544405503,0.489562865
air_a24bf50c3e90d583,model_5,"Regression with ARIMA(0,1,1)(2,0,0)[7] errors",0.607613679,0.336833289,0.48959171
air_638c35eb25e53eea,model_3,l_train ~ closed_days + mon_thurs + friday + saturday,0.398377556,0.585526231,0.489720077
air_a563896da3777078,model_5,"Regression with ARIMA(3,1,1)(1,0,0)[7] errors",0.88801976,0.893111122,0.489753348
air_747f375eb3900e1e,model_5,"Regression with ARIMA(0,0,0)(1,0,0)[7] errors",0.851946508,0.764732886,0.490521547
air_e7d2ac6d53d1b744,model_3,l_train ~ closed_days + mon_thurs + friday + saturday,0.908030271,0.822940628,0.490544671
air_c31472d14e29cee8,model_1,"ETS(A,Ad,A)",0.438202177,0.595238349,0.490707757
air_25e9888d30b386df,model_5,"Regression with ARIMA(0,1,1) errors",0.716375955,0.680281212,0.491158122
air_fbadf737162a5ce3,model_1,"ETS(A,N,A)",0.681054366,0.839886569,0.491171751
air_63e28ee0b0c955a7,model_1,"ETS(A,N,A)",0.603644997,0.755037643,0.491601042
air_fd154088b1de6fa7,model_3,l_train ~ closed_days + mon_thurs + friday + saturday,0.819806255,0.698135234,0.4921398
air_3980af67be35afdb,model_3,l_train ~ closed_days + mon_thurs + friday + saturday,0.77395945,0.865471597,0.492547412
air_4092cfbd95a3ac1b,model_1,"ETS(A,N,A)",0.108709693,0.507198888,0.492974758
air_083ddc520ea47e1e,model_5,"Regression with ARIMA(1,1,1)(1,0,1)[7] errors",0.8290487,0.909956579,0.493448014
air_5a9a6cbeeb434c08,model_3,l_train ~ log_reserves + closed_days + mon_thurs + friday + saturday,0.73771738,0.771770229,0.494515729
air_2b8b29ddfd35018e,model_5,"Regression with ARIMA(0,1,1) errors",0.409168116,0.471887571,0.495018659
air_3e6cea17a9d2c0f1,model_2,"STL +  ETS(A,N,N)",NA for STL,0.284588204,0.495808425
air_10393f12e9069760,model_1,"ETS(A,N,A)",0.229565097,0.291164288,0.496047559
air_9c6787aa03a45586,model_5,"Regression with ARIMA(0,1,0)(0,0,1)[7] errors",0.89948698,0.954770131,0.496163582
air_b88192b35ac03c24,model_2,"STL +  ETS(A,N,N)",NA for STL,0.390628306,0.500600054
air_68cc910e7b307b09,model_3,l_train ~ closed_days + mon_thurs + friday + saturday,0.808801706,0.778076256,0.500640096
air_a38f25e3399d1b25,model_5,"Regression with ARIMA(1,1,1) errors",0.545158155,0.866125618,0.500684775
air_c73d319ffabf287a,model_3,l_train ~ log_reserves + closed_days + mon_thurs + friday + saturday,0.797672889,0.734403934,0.500782083
air_1979eaff8189d086,model_5,"Regression with ARIMA(0,0,0) errors",0.771630653,0.477942144,0.502627696
air_a9133955abccf071,model_3,l_train ~ closed_days + mon_thurs + friday + saturday,0.839416926,0.469517876,0.502695737
air_57ed725a1930a5b9,model_3,l_train ~ closed_days + mon_thurs + friday + saturday,0.795549239,0.704790893,0.503077359
air_5bd22f9cc1426a90,model_5,"Regression with ARIMA(1,1,1)(0,0,2)[7] errors",0.868127022,0.799642367,0.503295538
air_f85e21e543cf44f2,model_5,"Regression with ARIMA(0,0,0)(1,0,0)[7] errors",0.70997699,0.700997973,0.503614222
air_168441ada3e878e1,model_3,l_train ~ closed_days + mon_thurs + friday + saturday,0.584719951,0.100978265,0.503704969
air_2634e41551e9807d,model_2,"STL +  ETS(A,A,N)",NA for STL,0.23077804,0.503717417
air_138ee734ac79ff90,model_1,"ETS(A,N,A)",0.604322984,0.700597618,0.505507932
air_0f2f96335f274801,model_3,l_train ~ closed_days + mon_thurs + friday + saturday,0.630727973,0.660760267,0.505904127
air_7f9e15afafcf4c75,model_5,"Regression with ARIMA(0,0,1)(0,0,1)[7] errors",0.662186014,0.555135347,0.505978512
air_f0fb0975bdc2cdf9,model_5,"Regression with ARIMA(0,0,0) errors",0.530495993,0.479616908,0.506661535
air_9438d67241c81314,model_3,l_train ~ closed_days + mon_thurs + friday + saturday,0.728837413,0.796977612,0.507187882
air_dbf64f1ce38c7442,model_3,l_train ~ closed_days + mon_thurs + friday + saturday,0.535978754,0.672717828,0.507290721
air_c5459218282bedd5,model_3,l_train ~ closed_days + mon_thurs + friday + saturday,0.728310901,0.773811548,0.507294603
air_d0a7bd3339c3d12a,model_5,"Regression with ARIMA(1,0,0) errors",0.88497012,0.967292114,0.507883117
air_4f762e840b3996e1,model_5,"Regression with ARIMA(0,0,0) errors",0.512893704,0.461975667,0.50822072
air_1509881b22965b34,model_5,"Regression with ARIMA(0,1,1) errors",0.822071926,0.903031266,0.508324649
air_645cb18b33f938cf,model_2,"STL +  ETS(A,N,N)",NA for STL,0.853462576,0.508671828
air_08cb3c4ee6cd6a22,model_3,l_train ~ log_reserves + closed_days + mon_thurs + friday + saturday,0.49371829,0.722036427,0.509420146
air_88f31db64991768a,model_5,"Regression with ARIMA(0,0,0) errors",0.594385197,0.10028204,0.510079443
air_7ef9a5ea5c8fe39f,model_5,"Regression with ARIMA(1,1,1)(1,0,0)[7] errors",0.657795723,0.543817653,0.510481929
air_75864c80d2fb334a,model_3,l_train ~ closed_days + mon_thurs + friday + saturday,0.701798938,0.631507891,0.510761036
air_68147db09287bf74,model_4,"ARIMA(1,0,0)(2,1,0)[7] with drift",0.585957457,0.786167338,0.511547583
air_9e920b758503ef54,model_3,l_train ~ closed_days + mon_thurs + friday + saturday,0.550976958,0.461524213,0.511652412
air_4b251b9f8373f1ae,model_5,"Regression with ARIMA(0,0,0) errors",0.886683698,0.929767469,0.51227275
air_ca6ae8d49a2f1eaf,model_5,"Regression with ARIMA(0,1,1) errors",0.31855226,0.358444737,0.512689146
air_f957c6d6467d4d90,model_3,l_train ~ closed_days + mon_thurs + friday + saturday,0.149128941,0.404476718,0.513483692
air_034a3d5b40d5b1b1,model_4,"ARIMA(1,1,1)(0,0,2)[7]",0.373981262,0.000815183,0.513981836
air_cb25551c4cd8d9f3,model_3,l_train ~ closed_days + mon_thurs + friday + saturday,0.628001498,0.636567434,0.514453404
air_f6bfd27e2e174d16,model_3,l_train ~ closed_days + mon_thurs + friday + saturday,0.724496963,0.717417245,0.514940109
air_1f7f8fa557bc0d55,model_3,l_train ~ closed_days + mon_thurs + friday + saturday,0.512768799,0.377110405,0.515141443
air_51319e7acf0438cf,model_3,l_train ~ closed_days + mon_thurs + friday + saturday,0.831900872,0.761759661,0.515872901
air_901925b628677c2e,model_5,"Regression with ARIMA(0,0,0) errors",0.460533123,0.425792429,0.515891393
air_1c95a84924d72500,model_5,"Regression with ARIMA(0,1,1)(2,0,1)[7] errors",0.570766835,0.553867244,0.51664122
air_399904bdb7685ca0,model_5,"Regression with ARIMA(0,1,1)(1,0,0)[7] errors",0.562946348,0.692945275,0.516762824
air_ea7c16131980c837,model_5,"Regression with ARIMA(0,1,1)(2,0,0)[7] errors",0.770967653,0.613826899,0.517479487
air_fef9ccb3ba0da2f7,model_5,"Regression with ARIMA(1,1,2) errors",0.800028751,0.669364331,0.5181396
air_0b9038300f8b2b50,model_5,"Regression with ARIMA(0,0,0) errors",0.507984142,0.21858862,0.518769697
air_31c753b48a657b6c,model_5,"Regression with ARIMA(0,0,0) errors",0.846235475,0.833504041,0.519174156
air_0328696196e46f18,model_3,l_train ~ closed_days + mon_thurs + friday + saturday,0.844541626,0.819854283,0.519431634
air_6836438b543ba698,model_5,"Regression with ARIMA(0,1,1) errors",0.704505667,0.445130472,0.519627909
air_324f7c39a8410e7c,model_3,l_train ~ log_reserves + closed_days + mon_thurs + friday + saturday,0.666047263,0.616420436,0.520042748
air_e42bdc3377d1eee7,model_3,l_train ~ closed_days + mon_thurs + friday + saturday,0.955759194,0.84503832,0.52193922
air_0f0cdeee6c9bf3d7,model_5,"Regression with ARIMA(0,0,0)(0,0,1)[7] errors",0.844404612,0.803720785,0.522974336
air_08ef81d5b7a0d13f,model_5,"Regression with ARIMA(0,0,0) errors",0.801197806,0.814999351,0.523056452
air_bb09595bab7d5cfb,model_3,l_train ~ log_reserves + closed_days + mon_thurs + friday + saturday,0.726242689,0.721993946,0.525271881
air_dfe068a1bf85f395,model_3,l_train ~ closed_days + mon_thurs + friday + saturday,0.919811206,0.834109796,0.525588721
air_066f0221b8a4d533,model_3,l_train ~ log_reserves + closed_days + mon_thurs + friday + saturday,0.610455959,0.659711631,0.526791725
air_e7fbee4e3cfe65c5,model_3,l_train ~ log_reserves + closed_days + mon_thurs + friday + saturday,0.836576179,0.850842902,0.528162076
air_fcd4492c83f1c6b9,model_3,l_train ~ log_reserves + closed_days + mon_thurs + friday + saturday,0.833779981,0.844110945,0.528550577
air_b80fed1a07c817d2,model_3,l_train ~ closed_days + mon_thurs + friday + saturday,0.744656767,0.542664461,0.528724559
air_036d4f1ee7285390,model_4,"ARIMA(0,1,1)",0.414333738,NA,0.528757703
air_2bffb19a24d11729,model_5,"Regression with ARIMA(0,1,1) errors",0.727196945,0.572606219,0.528793998
air_4b380b4db9d37883,model_3,l_train ~ closed_days + mon_thurs + friday + saturday,0.578146997,0.212666091,0.528982302
air_4974785f48853db9,model_5,"Regression with ARIMA(0,0,0) errors",0.761997231,0.69712741,0.530044865
air_6cbe54f0aa30b615,model_1,"ETS(A,N,A)",0.333083192,0.376613191,0.530289675
air_21f5052d5330528d,model_1,"ETS(A,N,A)",0.284778011,0.725710751,0.53087448
air_8e8f42f047537154,model_3,l_train ~ closed_days + mon_thurs + friday + saturday,0.919383479,0.783869214,0.530882934
air_7420042ff75f9aca,model_3,l_train ~ log_reserves + closed_days + mon_thurs + friday + saturday,0.96078807,0.469949299,0.531839456
air_2e7cb1f1a2a9cd6a,model_5,"Regression with ARIMA(0,0,0)(1,0,1)[7] errors",0.910627955,0.843426759,0.532038843
air_f4936b91c9addbf0,model_3,l_train ~ closed_days + mon_thurs + friday + saturday,0.822395205,0.777308774,0.533144302
air_f3f9824b7d70c3cf,model_5,"Regression with ARIMA(0,1,1) errors",0.523161622,0.334520917,0.534634548
air_3b6438b125086430,model_3,l_train ~ closed_days + mon_thurs + friday + saturday,0.483759757,0.648806094,0.535051706
air_c3585b0fba3998d0,model_3,l_train ~ closed_days + mon_thurs + friday + saturday,0.737347831,0.788364423,0.535183327
air_caf996ac27206301,model_3,l_train ~ closed_days + mon_thurs + friday + saturday,0.615380689,0.475737654,0.535335798
air_4dea8d17f6f59c56,model_2,"STL +  ETS(A,N,N)",NA for STL,0.64579374,0.535481291
air_622375b4815cf5cb,model_5,"Regression with ARIMA(1,0,0) errors",0.621756961,0.822806276,0.535702196
air_f0c7272956e62f12,model_5,"Regression with ARIMA(0,1,1)(1,0,0)[7] errors",0.620853619,0.704594152,0.536828638
air_457efe8c3a30ea17,model_5,"Regression with ARIMA(0,1,1)(0,0,1)[7] errors",0.680053022,0.709623929,0.53764353
air_cfdeb326418194ff,model_1,"ETS(A,N,A)",0.645130789,0.775952163,0.538253405
air_d4b5a4b04c5f2d04,model_3,l_train ~ closed_days + mon_thurs + friday + saturday,0.685354736,0.765018177,0.540432965
air_fea5dc9594450608,model_3,l_train ~ log_reserves + closed_days + mon_thurs + friday + saturday,0.682667801,0.464449411,0.540897975
air_d69b08a175bc0387,model_3,l_train ~ closed_days + mon_thurs + friday + saturday,0.79616104,0.800235575,0.54103055
air_657a0748462f85de,model_5,"Regression with ARIMA(0,0,0) errors",0.711531033,0.65406838,0.541378016
air_4c665a2bfff0da3b,model_5,"Regression with ARIMA(0,0,0)(1,0,0)[7] errors",0.576007398,0.582238629,0.542324931
air_d1418d6fd6d634f2,model_3,l_train ~ closed_days + mon_thurs + friday + saturday,0.665118968,0.161983648,0.542476671
air_55c3627912b9c849,model_3,l_train ~ log_reserves + closed_days + mon_thurs + friday + saturday,0.486618368,0.548322828,0.543107802
air_87467487d21891dd,model_5,"Regression with ARIMA(0,0,0) errors",0.642185158,0.579358643,0.543336435
air_57013002b912772b,model_3,l_train ~ closed_days + mon_thurs + friday + saturday,0.476852697,0.378176801,0.543723648
air_cfcc94797d2b5d3d,model_3,l_train ~ log_reserves + closed_days + mon_thurs + friday + saturday,0.646449606,0.722457976,0.543748483
air_876d7a23c47811cb,model_5,"Regression with ARIMA(4,1,1)(1,0,0)[7] errors",0.910684441,0.828642745,0.544788838
air_712dd258f7f91b4b,model_3,l_train ~ closed_days + mon_thurs + friday + saturday,0.791044061,0.792307874,0.545397154
air_3561fd1c0bce6a95,model_5,"Regression with ARIMA(0,1,1)(0,0,2)[7] errors",0.837174851,0.721006787,0.545475414
air_e5cf003abcc5febb,model_5,"Regression with ARIMA(0,0,0) errors",0.695349215,0.739058503,0.545910269
air_79f528087f49df06,model_3,l_train ~ closed_days + mon_thurs + friday + saturday,0.810429409,0.770069282,0.548887439
air_b192fb5310436005,model_5,"Regression with ARIMA(0,0,0) errors",0.693550383,0.793263825,0.550422464
air_25d8e5cc57dd87d9,model_3,l_train ~ closed_days + mon_thurs + friday + saturday,0.792864204,0.698160959,0.550500582
air_16cf0a73233896de,model_5,"Regression with ARIMA(0,0,0)(1,0,0)[7] errors",0.659004584,0.618758613,0.551089702
air_c6ffd6a93e6b68d6,model_5,"Regression with ARIMA(0,0,0)(1,0,0)[7] errors",0.691513579,0.765959135,0.552164759
air_48ffd31594bc3263,model_5,"Regression with ARIMA(0,0,0) errors",0.555237534,0.534781973,0.552169519
air_b3180b74332ba886,model_2,"STL +  ETS(A,N,N)",NA for STL,0.707567666,0.552378249
air_a88ac559064dec08,model_5,"Regression with ARIMA(0,1,1) errors",0.851208151,0.854564222,0.552433365
air_138ff410757b845f,model_3,l_train ~ closed_days + mon_thurs + friday + saturday,0.862112402,0.850515538,0.55259074
air_3155ee23d92202da,model_3,l_train ~ closed_days + mon_thurs + friday + saturday,0.812942978,0.850030702,0.55266993
air_229d7e508d9f1b5e,model_3,l_train ~ closed_days + mon_thurs + friday + saturday,0.831530523,0.820460621,0.553814281
air_d0e8a085d8dc83aa,model_1,"ETS(A,N,A)",0.171224581,0.165074412,0.554524623
air_61668cc2b0778898,model_5,"Regression with ARIMA(0,0,0)(1,0,0)[7] errors",0.614605855,0.677553293,0.554555897
air_d44d210d2994f01b,model_5,"Regression with ARIMA(0,0,0) errors",0.560979148,0.475226512,0.555745641
air_3aa839e8e0cb6c87,model_3,l_train ~ closed_days + mon_thurs + friday + saturday,0.567982579,0.629586462,0.556014111
air_0164b9927d20bcc3,model_3,l_train ~ log_reserves + closed_days + mon_thurs + friday + saturday,0.792502388,0.72190762,0.556592433
air_f593fa60ac3541e2,model_5,"Regression with ARIMA(0,0,0) errors",0.521256276,0.589671217,0.556781837
air_10bbe8acd943d8f6,model_5,"Regression with ARIMA(0,1,1) errors",0.471260896,0.002375543,0.556896988
air_1033310359ceeac1,model_3,l_train ~ log_reserves + closed_days + mon_thurs + friday + saturday,0.560940276,0.623270593,0.557216172
air_6b65745d432fd77f,model_3,l_train ~ mon_thurs + friday + saturday,0.48425896,0.30229353,0.557663039
air_db80363d35f10926,model_5,"Regression with ARIMA(1,1,1) errors",0.600316352,0.80071352,0.557754443
air_87ca98aa7664de94,model_5,"Regression with ARIMA(0,0,0) errors",0.834361566,0.684702753,0.560125618
air_de88770300008624,model_5,"Regression with ARIMA(0,1,1) errors",0.497504305,0.415823574,0.560687427
air_bed603c423b7d9d4,model_3,l_train ~ closed_days + mon_thurs + friday + saturday,0.341786235,0.526118437,0.560979732
air_0e7c11b9abc50163,model_5,"Regression with ARIMA(1,0,0) errors",0.949386134,0.967872205,0.562108253
air_15ae33469e9ea2dd,model_5,"Regression with ARIMA(0,1,1)(1,0,0)[7] errors",0.755604841,0.713126198,0.562823714
air_7dacea2f22afccfb,model_5,"Regression with ARIMA(0,0,0) errors",0.835081061,0.873776279,0.562830683
air_7a81bd7fadcbf3d8,model_3,l_train ~ closed_days + mon_thurs + friday + saturday,0.48576326,0.392956395,0.56292353
air_93ebe490d4abb8e9,model_5,"Regression with ARIMA(0,0,0)(1,0,1)[7] errors",0.368843937,0.147877012,0.563630506
air_2b9bc9f5f5168ea1,model_5,"Regression with ARIMA(0,0,0)(2,0,0)[7] errors",0.636634191,0.711531945,0.564878561
air_7cf5a02c0e01b647,model_5,"Regression with ARIMA(0,1,1)(1,0,0)[7] errors",0.569732306,0.091461186,0.565028619
air_cb083b4789a8d3a2,model_3,l_train ~ closed_days + mon_thurs + friday + saturday,0.939629027,0.913969539,0.565171833
air_707d4b6328f2c2df,model_5,"Regression with ARIMA(0,1,1)(2,0,0)[7] errors",0.412104438,0.668143717,0.566054384
air_5c7489c9ec755e2d,model_5,"Regression with ARIMA(0,0,0) errors",0.825807389,0.923445156,0.568617204
air_77488fa378cf98c3,model_5,"Regression with ARIMA(0,1,1) errors",0.479895299,0.296789249,0.569846622
air_929d8513e3cdb423,model_3,l_train ~ closed_days + mon_thurs + friday + saturday,0.468576213,0.44363077,0.570234185
air_60aa54ecbc602348,model_3,l_train ~ closed_days + mon_thurs + friday + saturday,0.587459929,0.539006419,0.570265803
air_7bc6ca04d7b0f3b8,model_5,"Regression with ARIMA(0,0,0)(1,0,0)[7] errors",0.956913795,0.929397209,0.570299888
air_646b93e336f0dded,model_5,"Regression with ARIMA(1,0,0) errors",0.681377886,0.658708479,0.570663589
air_c26f027b5bc1f081,model_2,"STL +  ETS(A,N,N)",NA for STL,0.620913571,0.570986657
air_0728814bd98f7367,model_5,"Regression with ARIMA(2,1,1) errors",0.597205097,0.480661046,0.574307164
air_800c02226e2e0288,model_5,"Regression with ARIMA(0,1,1)(1,0,0)[7] errors",0.844285631,0.78751731,0.576690423
air_97958e7fce98b6a3,model_5,"Regression with ARIMA(0,1,1) errors",0.245004975,0.185220536,0.577955686
air_97e0f2feec4d577a,model_2,"STL +  ETS(A,N,N)",NA for STL,0.779358125,0.577966811
air_99a5183695b849f9,model_5,"Regression with ARIMA(0,1,3)(2,0,1)[7] errors",0.608364973,0.64095567,0.578350636
air_ba937bf13d40fb24,model_5,"Regression with ARIMA(0,1,1)(0,0,1)[7] errors",0.875916721,0.692675068,0.578761536
air_e76a668009c5dabc,model_3,l_train ~ closed_days + mon_thurs + friday + saturday,0.739300227,0.463493001,0.578808932
air_9cd5e310f488bced,model_3,l_train ~ closed_days + mon_thurs + friday + saturday,0.574246346,0.495469528,0.581050606
air_c8fe396d6c46275d,model_3,l_train ~ closed_days + mon_thurs + friday + saturday,0.437290183,0.646679906,0.582071735
air_c759b6abeb552160,model_3,l_train ~ log_reserves + closed_days + mon_thurs + friday + saturday,0.681830377,0.777219514,0.582472642
air_5485912b44f976de,model_3,l_train ~ closed_days + mon_thurs + friday + saturday,0.726487112,0.739979476,0.582534133
air_e64de0a6bf0739af,model_3,l_train ~ closed_days + mon_thurs + friday + saturday,0.851748907,0.873164833,0.582832554
air_87059630ab6fe47f,model_3,l_train ~ closed_days + mon_thurs + friday + saturday,0.717999772,0.578374663,0.583424997
air_ab3ae0e410b20069,model_5,"Regression with ARIMA(0,1,2)(2,0,0)[7] errors",0.781354837,0.752198469,0.583790041
air_383f5b2f8d345a49,model_1,"ETS(A,N,A)",0.191170413,0.044743799,0.584131175
air_710d6537cb7623df,model_5,"Regression with ARIMA(0,1,1) errors",0.642766921,0.629523068,0.584415246
air_5e339a1f364cdb00,model_5,"Regression with ARIMA(0,1,1) errors",0.764992216,0.671217694,0.585051342
air_dad0b6a36138f309,model_5,"Regression with ARIMA(0,0,0) errors",0.788823706,0.552516991,0.585619734
air_a85f0c0c889f6b7e,model_5,"Regression with ARIMA(1,0,0) errors",0.825760522,0.749489232,0.586425185
air_a85f8c0bfd61889f,model_5,"Regression with ARIMA(0,0,0) errors",0.681992391,0.739826308,0.587153881
air_8523d6a70de49e6c,model_3,l_train ~ closed_days + mon_thurs + friday + saturday,0.535094864,0.510855942,0.590030408
air_70e9e8cd55879414,model_5,"Regression with ARIMA(2,1,1) errors",0.559851222,0.615002264,0.590070889
air_28a9fa1ec0839375,model_3,l_train ~ closed_days + mon_thurs + friday + saturday,0.870302546,0.850473826,0.590872719
air_2009041dbf9264de,model_3,l_train ~ closed_days + mon_thurs + friday + saturday,0.903300061,0.665957878,0.591323047
air_2c6fef1ce0e13a5a,model_3,l_train ~ log_reserves + closed_days + mon_thurs + friday + saturday,0.394808706,0.396253635,0.592037489
air_a49f1cf0634f13e5,model_3,l_train ~ closed_days + mon_thurs + friday + saturday,0.814135694,0.908666,0.593384005
air_6c91a28278a16f64,model_3,l_train ~ log_reserves + closed_days + mon_thurs + friday + saturday,0.720033569,0.75984205,0.596776032
air_258ad2619d7bff9a,model_5,"Regression with ARIMA(1,1,1) errors",0.702870166,0.784480227,0.59759588
air_b2d97bd2337c5ba7,model_4,"ARIMA(1,0,0) with non-zero mean",0.18375331,0.033385693,0.598207089
air_d473620754bf9fc2,model_3,l_train ~ closed_days + mon_thurs + friday + saturday,0.66911848,0.452311112,0.600384117
air_506fe758114df773,model_5,"Regression with ARIMA(2,0,0)(2,0,0)[7] errors",0.697545328,0.797912872,0.600695018
air_eda179770dfa9f91,model_3,l_train ~ closed_days + mon_thurs + friday + saturday,0.518197844,0.382602712,0.601026801
air_c8265ecc116f2284,model_3,l_train ~ closed_days + mon_thurs + friday + saturday,0.558907362,0.508426033,0.601030623
air_bb26d6d079594414,model_5,"Regression with ARIMA(0,1,1)(1,0,0)[7] errors",0.760713585,0.785599136,0.601092883
air_dc71c6cc06cd1aa2,model_5,"Regression with ARIMA(0,1,1)(1,0,0)[7] errors",0.267739803,0.417441221,0.604740896
air_746211c0b532e8aa,model_3,l_train ~ closed_days + mon_thurs + friday + saturday,0.728188677,0.599131159,0.604968416
air_0845d8395f30c6bb,model_5,"Regression with ARIMA(0,0,0) errors",0.648258399,0.452263,0.607942777
air_af03c277a167b2bd,model_3,l_train ~ closed_days + mon_thurs + friday + saturday,0.846998611,0.754744926,0.608468488
air_6d64dba2edd4fc0c,model_3,l_train ~ closed_days + mon_thurs + friday + saturday,0.758595332,0.747281776,0.610002954
air_4beac252540f865e,model_5,"Regression with ARIMA(0,0,0)(1,0,0)[7] errors",0.850521653,0.581872593,0.610194156
air_f1f9027d4fa8f653,model_5,"Regression with ARIMA(0,0,0) errors",0.837361828,0.816343442,0.611555999
air_1ab60ce33bfed8a8,model_3,l_train ~ closed_days + mon_thurs + friday + saturday,0.659930244,0.512592913,0.61282048
air_c2c8435bdb3516d4,model_3,l_train ~ log_reserves + closed_days + mon_thurs + friday + saturday,0.762862981,0.737233971,0.612905875
air_fe22ef5a9cbef123,model_3,l_train ~ log_reserves + closed_days + mon_thurs + friday + saturday,0.440861478,0.221880048,0.613034145
air_6b7678aae65d2d59,model_3,l_train ~ closed_days + mon_thurs + friday + saturday,0.696146321,0.618589188,0.61790564
air_87f9e1024b951f01,model_5,"Regression with ARIMA(0,0,0) errors",0.560912991,0.694407179,0.618836039
air_e01d99390355408d,model_3,l_train ~ closed_days + mon_thurs + friday + saturday,0.550374662,0.649965343,0.620444688
air_5d7c744c3a2ef624,model_3,l_train ~ closed_days + mon_thurs + friday + saturday,0.602212786,0.560826035,0.624071169
air_fa4ffc9057812fa2,model_5,"Regression with ARIMA(0,0,0) errors",0.573455405,0.558288036,0.626838049
air_287d2de7d3c93406,model_5,"Regression with ARIMA(1,1,2) errors",0.566865019,0.458202661,0.628715959
air_f9168b23fdfc1e52,model_5,"Regression with ARIMA(0,0,0)(1,0,0)[7] errors",0.713369857,0.435954965,0.630028067
air_bf13014b6e3e60ca,model_3,l_train ~ closed_days + mon_thurs + friday + saturday,0.921230512,0.823071163,0.633938779
air_0f60e1576a7d397d,model_3,l_train ~ closed_days + mon_thurs + friday + saturday,0.842060012,0.670222737,0.634841794
air_b1bb1fae86617d7a,model_5,"Regression with ARIMA(0,1,1) errors",0.646630247,0.705157345,0.635594581
air_63b13c56b7201bd9,model_3,l_train ~ closed_days + mon_thurs + friday + saturday,0.38015,0.633629295,0.635728806
air_cbe867adcf44e14f,model_3,l_train ~ closed_days + mon_thurs + friday + saturday,0.756234647,0.684777685,0.636390816
air_63a88d81295195ed,model_3,l_train ~ closed_days + mon_thurs + friday + saturday,0.619505045,0.610313068,0.638436539
air_eec5e572b9eb9c23,model_5,"Regression with ARIMA(0,1,1)(1,0,0)[7] errors",0.72598967,0.760794978,0.641432885
air_5878b6f2a9da12c1,model_5,"Regression with ARIMA(0,0,0) errors",0.673415022,0.304330375,0.642175681
air_9f277fb7a2c1d842,model_3,l_train ~ closed_days + mon_thurs + friday + saturday,0.380623962,0.112415565,0.645834414
air_832f9dbe9ee4ebd3,model_5,"Regression with ARIMA(1,1,1)(1,0,0)[7] errors",0.805452802,0.657195548,0.648897718
air_fcfbdcf7b1f82c6e,model_5,"Regression with ARIMA(0,0,0) errors",0.829696531,0.796011179,0.652583378
air_40953e2d8b4f2857,model_5,"Regression with ARIMA(2,1,1)(2,0,0)[7] errors",0.739822242,0.635364692,0.653392714
air_4c2ed28f3f19ca52,model_3,l_train ~ closed_days + mon_thurs + friday + saturday,0.572888992,0.721502342,0.65355513
air_396942e6423a2145,model_5,"Regression with ARIMA(0,0,0)(2,0,0)[7] errors",0.675350667,0.670048488,0.654429059
air_d0a1e69685259c92,model_5,"Regression with ARIMA(0,1,1)(0,0,2)[7] errors",0.653547762,0.196338044,0.65535373
air_f6cdaf7b7fdc6d78,model_5,"Regression with ARIMA(0,0,0)(0,0,2)[7] errors",0.665337807,0.312084406,0.656415102
air_d4d218b451f82c3d,model_1,"ETS(A,N,A)",0.263532258,0.421092312,0.656631655
air_90f0efbb702d77b7,model_5,"Regression with ARIMA(0,0,0) errors",0.850401315,0.767876128,0.658378489
air_b60cc7d6aee68194,model_3,l_train ~ closed_days + mon_thurs + friday + saturday,0.450523638,0.575839971,0.6615565
air_23e1b11aee2a1407,model_3,l_train ~ log_reserves + closed_days + mon_thurs + friday + saturday,0.782256601,0.648267229,0.665350732
air_8c3175aa5e4fc569,model_4,"ARIMA(1,0,0)(1,0,0)[7] with non-zero mean",0.111032941,0.003870758,0.666185748
air_fc477473134e9ae5,model_5,"Regression with ARIMA(0,1,1)(1,0,0)[7] errors",0.565626754,0.411966757,0.668039029
air_81c5dff692063446,model_5,"Regression with ARIMA(0,1,1)(2,0,0)[7] errors",0.652577112,0.51421463,0.668445508
air_728ff578acc6ac6e,model_3,l_train ~ closed_days + mon_thurs + friday + saturday,0.663623576,0.530699739,0.669880753
air_2ac361b97630e2df,model_3,l_train ~ closed_days + mon_thurs + friday + saturday,0.376257355,0.350740813,0.67139808
air_d4981cdde163b172,model_3,l_train ~ closed_days + mon_thurs + friday + saturday,0.8603887,0.708701878,0.672610486
air_38746ffe9aa20c7e,model_5,"Regression with ARIMA(0,1,1) errors",0.527611287,0.501833133,0.674703422
air_add9a575623726c8,model_3,l_train ~ closed_days + mon_thurs + friday + saturday,0.853971314,0.851380601,0.675112257
air_25c583983246b7b0,model_5,"Regression with ARIMA(1,0,0) errors",0.830308936,0.792512456,0.679179728
air_382f5ace4e2247b8,model_5,"Regression with ARIMA(0,1,1) errors",0.732896902,0.666027473,0.679485091
air_22682e965418936f,model_3,l_train ~ closed_days + mon_thurs + friday + saturday,0.445535244,0.315726703,0.682276635
air_3e93f3c81008696d,model_3,l_train ~ log_reserves + closed_days + mon_thurs + friday + saturday,0.789413217,0.747014045,0.683217286
air_6e3fd96320d24324,model_5,"Regression with ARIMA(0,1,1)(2,0,0)[7] errors",0.703653661,0.430567101,0.684599197
air_48e9fc98b62495a7,model_5,"Regression with ARIMA(0,1,1) errors",0.683044197,0.716499905,0.686385027
air_32b02ba5dc2027f4,model_3,l_train ~ log_reserves + closed_days + mon_thurs + friday + saturday,0.614891773,0.527916957,0.691657903
air_7d65049f9d275c0d,model_1,"ETS(A,N,A)",0.365259272,0.561203247,0.692736152
air_df843e6b22e8d540,model_3,l_train ~ closed_days + mon_thurs + friday + saturday,0.480759374,0.350731557,0.693571878
air_b23d0f519291247d,model_5,"Regression with ARIMA(0,1,1) errors",0.537980718,0.463523144,0.697006653
air_939964477035ef0b,model_5,"Regression with ARIMA(0,0,0)(2,0,0)[7] errors",0.742144426,0.537390495,0.698650294
air_0768ab3910f7967f,model_5,"Regression with ARIMA(1,0,0) errors",0.748923203,0.820146737,0.70056911
air_0919d54f0c9a24b8,model_5,"Regression with ARIMA(0,1,1) errors",0.880024476,0.707304403,0.700925639
air_465bddfed3353b23,model_4,"ARIMA(2,0,0) with non-zero mean",0.174447258,0.008968351,0.702519898
air_a2567267116a3b75,model_5,"Regression with ARIMA(0,0,0)(0,0,1)[7] errors",0.554934612,0.610918842,0.70660153
air_bcce1ea4350b7b72,model_3,l_train ~ closed_days + mon_thurs + friday + saturday,0.45447996,0.559307118,0.711205818
air_aed3a8b49abe4a48,model_5,"Regression with ARIMA(0,1,1)(0,0,2)[7] errors",0.553771944,0.342068877,0.712208929
air_51281cd059d7b89b,model_3,l_train ~ log_reserves + closed_days + mon_thurs + friday + saturday,0.808991565,0.651411387,0.713248057
air_fdc02ec4a3d21ea4,model_5,"Regression with ARIMA(0,1,1) errors",0.514839519,0.480012298,0.714857958
air_6c1128955c58b690,model_5,"Regression with ARIMA(0,1,1)(1,0,0)[7] errors",0.864547572,0.679046098,0.716941236
air_0867f7bebad6a649,model_3,l_train ~ log_reserves + closed_days + mon_thurs + friday + saturday,0.615162351,0.297681072,0.716966684
air_2a485b92210c98b5,model_5,"Regression with ARIMA(0,1,1)(2,0,1)[7] errors",0.914426828,0.561337673,0.717278567
air_8110d68cc869b85e,model_5,"Regression with ARIMA(0,0,0) errors",0.895288257,0.89017437,0.719117976
air_81bd68142db76f58,model_3,l_train ~ closed_days + mon_thurs + friday + saturday,0.886923977,0.750263542,0.720541982
air_082908692355165e,model_1,"ETS(A,N,A)",0.383636942,0.684048651,0.723118129
air_4579cb0669fd411b,model_1,"ETS(A,N,A)",0.200350731,0.043603254,0.724916338
air_b4f32bcc399da2b9,model_3,l_train ~ log_reserves + closed_days + mon_thurs + friday + saturday,0.624345253,0.501556536,0.727610859
air_17a6ab40f97fd4d8,model_5,"Regression with ARIMA(0,1,1)(1,0,0)[7] errors",0.735382484,0.540600465,0.727927741
air_df507aec929ce5f6,model_3,l_train ~ closed_days + mon_thurs + friday + saturday,0.560819245,0.550972165,0.731725512
air_c3bc011cca3bec65,model_3,l_train ~ closed_days + mon_thurs + friday + saturday,0.489577419,0.520288426,0.737949539
air_b1a72bf1ebf4b8ef,model_5,"Regression with ARIMA(0,0,1)(0,0,1)[7] errors",0.925778813,0.738969576,0.74138373
air_5e939e005bd34633,model_5,"Regression with ARIMA(0,1,1) errors",0.918636519,0.680628819,0.74483644
air_56cebcbd6906e04c,model_5,"Regression with ARIMA(0,1,1) errors",0.631404352,0.70694995,0.751507405
air_5c65468938c07fa5,model_5,"Regression with ARIMA(0,1,1)(1,0,0)[7] errors",0.683491284,0.379334939,0.762816533
air_ade6e836ffd1da64,model_5,"Regression with ARIMA(0,1,1) errors",0.687642762,0.336898693,0.763842314
air_b2d8bc9c88b85f96,model_5,"Regression with ARIMA(0,1,1) errors",0.607842387,0.726060827,0.765085262
air_8e429650fcf7a0ae,model_5,"Regression with ARIMA(0,1,1) errors",0.520043163,0.491703465,0.765271518
air_7514d90009613cd6,model_5,"Regression with ARIMA(0,0,0) errors",0.790990981,0.844379982,0.768943818
air_9ca2767761efff4d,model_3,l_train ~ closed_days + mon_thurs + friday + saturday,0.605871744,0.621010083,0.770114702
air_2fed81034f8834e5,model_2,"STL +  ETS(A,N,N)",NA for STL,0.718263996,0.77608315
air_a2b29aa7feb4e36f,model_2,"STL +  ETS(M,N,N)",NA for STL,0.401027841,0.777206981
air_609050e4e4f79ae1,model_3,l_train ~ closed_days + mon_thurs + friday + saturday,0.776907007,0.618249929,0.785427663
air_3982a2c4ea2ed431,model_3,l_train ~ closed_days + mon_thurs + friday + saturday,0.839402307,0.509619927,0.794908872
air_1d1e8860ae04f8e9,model_3,l_train ~ closed_days + mon_thurs + friday + saturday,0.506357165,0.397199702,0.79544719
air_8f273fb9ad2fed6f,model_4,"ARIMA(1,1,1)(1,0,2)[7]",0.229937191,0.093697087,0.798903422
air_9387ff95e886ebc7,model_3,l_train ~ closed_days + mon_thurs + friday + saturday,0.805779156,0.710203977,0.800610276
air_37189c92b6c761ec,model_5,"Regression with ARIMA(0,0,0)(2,0,0)[7] errors",0.694029464,0.727892649,0.817037431
air_b1d822f75c9fc615,model_5,"Regression with ARIMA(1,0,1) errors",0.576895111,0.510491182,0.828968956
air_9efaa7ded03c5a71,model_5,"Regression with ARIMA(0,1,1) errors",0.690555912,0.517014047,0.852999295
air_8b4a46dc521bfcfe,model_3,l_train ~ log_reserves + closed_days + mon_thurs + friday + saturday,0.650786959,0.647097619,0.880595759
air_e9ebf7fc520ac76a,model_5,"Regression with ARIMA(0,1,2)(1,0,0)[7] errors",0.798195214,0.568573236,0.882911581
air_8f13ef0f5e8c64dd,model_5,"Regression with ARIMA(2,1,1) errors",0.774976228,0.571756957,0.896202117
air_3a8a3f8fb5cd7f88,model_3,l_train ~ closed_days + mon_thurs + friday + saturday,0.793398224,0.723259234,0.91929169
air_ad13e71e21235131,model_5,"Regression with ARIMA(0,0,0) errors",0.552858094,0.214241254,0.921603162
air_ab9746a0f83084b7,model_5,"Regression with ARIMA(0,1,1)(0,0,1)[7] errors",0.536186814,0.623985024,0.923359502
air_91beafbba9382b0a,model_3,l_train ~ closed_days + mon_thurs + friday + saturday,0.655565291,0.635573954,0.969401531
air_93dd7070c9bf5453,model_5,"Regression with ARIMA(0,1,1)(0,0,1)[7] errors",0.760588421,0.647171026,0.971704835
air_629edf21ea38ac2d,model_3,l_train ~ closed_days + mon_thurs + friday + saturday,0.467497678,0.457364352,0.999563848
air_f267dd70a6a6b5d3,model_3,l_train ~ closed_days + mon_thurs + friday + saturday,0.789405196,0.675151751,1.003433147
air_52a08ef3efdb4bb0,model_5,"Regression with ARIMA(1,0,0) errors",0.63281657,0.927757449,1.070371573
air_789103bf53b8096b,model_5,"Regression with ARIMA(0,0,0)(2,0,2)[7] errors",0.868921246,0.333187173,2.259835079
air_a17f0778617c76e2,No Model,This time series is too short to forecast!,The length, of ts is:,47
air_900d755ebd2f7bbd,No Model,This time series is too short to forecast!,The length, of ts is:,52
air_1c0b150f9e696a5f,No Model,This time series is too short to forecast!,The length, of ts is:,52
air_cf5ab75a0afb8af9,No Model,This time series is too short to forecast!,The length, of ts is:,67
